ntaxa,rep,ils,ngt,m,avg_gtee,norm_output_error,output_hwcd
50,1,low,100,20,0.04229166666666666,0.01818181818181818,2.0
50,1,low,1000,20,0.04081249999999999,0.05454545454545454,6.0
50,1,low,3000,20,0.040618055555555484,0.0,0.0
50,1,high,100,20,0.34208333333333335,0.18181818181818182,20.0
50,2,low,100,10,0.03312500000000001,0.0,0.0
50,2,low,100,20,0.032499999999999994,0.05172413793103448,6.0
50,2,low,1000,20,0.0316666666666666,0.0,0.0
50,2,low,3000,10,0.03174305555555542,0.017241379310344827,2.0
50,2,high,100,20,0.3516666666666668,0.1724137931034483,20.0
50,2,high,1000,20,0.3553958333333335,0.13793103448275862,16.0
50,2,high,3000,20,0.353548611111111,0.08620689655172414,10.0
50,3,low,100,20,0.03333333333333333,0.1206896551724138,14.0
50,3,low,1000,10,0.0343958333333333,0.08620689655172414,10.0
50,3,low,1000,20,0.03172916666666662,0.034482758620689655,4.0
50,3,high,100,20,0.3135416666666667,0.20689655172413793,24.0
50,3,high,1000,10,0.32208333333333367,0.06896551724137931,8.0
50,3,high,1000,20,0.3233125000000002,0.13793103448275862,16.0
50,4,low,100,20,0.04145833333333333,0.0,0.0
50,4,low,1000,20,0.04050000000000002,0.0,0.0
50,4,high,100,20,0.31229166666666663,0.08163265306122448,8.0
50,5,low,100,20,0.03541666666666666,0.038461538461538464,4.0
50,5,low,1000,20,0.03497916666666664,0.038461538461538464,4.0
50,5,high,100,20,0.32562500000000005,0.057692307692307696,6.0
50,6,low,100,20,0.029166666666666664,0.0,0.0
50,6,low,1000,20,0.030104166666666606,0.019230769230769232,2.0
50,6,high,100,20,0.3164583333333334,0.09615384615384616,10.0
50,6,high,1000,10,0.3233749999999997,0.0,0.0
50,7,low,100,20,0.03354166666666668,0.0,0.0
50,7,low,1000,20,0.02904166666666661,0.0,0.0
50,7,high,100,20,0.38770833333333327,0.17307692307692307,18.0
50,7,high,1000,20,0.38218749999999985,0.038461538461538464,4.0
50,8,low,100,20,0.04125,0.0,0.0
50,8,low,1000,20,0.037875000000000006,0.017241379310344827,2.0
50,8,high,100,20,0.32104166666666656,0.10344827586206896,12.0
50,8,high,1000,20,0.32727083333333373,0.10344827586206896,12.0
50,9,low,100,10,0.032916666666666684,0.06896551724137931,8.0
50,9,low,100,20,0.03791666666666667,0.034482758620689655,4.0
50,9,low,1000,20,0.035895833333333266,0.034482758620689655,4.0
50,9,high,100,10,0.4785416666666665,0.22413793103448276,26.0
50,9,high,100,20,0.4695833333333334,0.15517241379310345,18.0
50,9,high,1000,20,0.4816249999999998,0.20689655172413793,24.0
50,10,low,100,20,0.033125,0.034482758620689655,4.0
50,10,low,1000,20,0.03658333333333334,0.0,0.0
50,10,high,100,10,0.34104166666666663,0.22413793103448276,26.0
50,10,high,100,20,0.33625000000000005,0.3275862068965517,38.0
50,10,high,1000,20,0.3363958333333334,0.15517241379310345,18.0
100,1,low,100,10,0.04081632653061225,0.09166666666666666,22.0
100,1,low,100,20,0.04061224489795917,0.03333333333333333,8.0
100,1,low,1000,20,0.038448979591836824,0.06666666666666667,16.0
100,1,high,100,20,0.5422448979591837,0.35833333333333334,86.0
100,1,high,1000,20,0.5362755102040782,0.18333333333333332,44.0
100,2,low,100,20,0.03551020408163263,0.056910569105691054,14.0
100,2,low,1000,20,0.034000000000000016,0.04065040650406504,10.0
100,2,high,100,20,0.5752040816326534,0.22764227642276422,56.0
100,2,high,1000,20,0.5730816326530566,0.17073170731707318,42.0
100,3,low,100,20,0.03653061224489795,0.01904761904761905,4.0
100,3,low,1000,20,0.036418367346938894,0.02857142857142857,6.0
100,3,high,100,20,0.5304081632653059,0.08571428571428572,18.0
100,3,high,1000,20,0.5379795918367316,0.01904761904761905,4.0
100,4,low,100,20,0.040204081632653044,0.046296296296296294,10.0
100,4,low,1000,10,0.03941836734693884,0.037037037037037035,8.0
100,4,low,1000,20,0.0404285714285716,0.0,0.0
100,4,high,100,20,0.5037755102040816,0.1574074074074074,34.0
100,4,high,1000,20,0.5041326530612238,0.09259259259259259,20.0
100,5,low,100,20,0.03306122448979591,0.0,0.0
100,5,low,1000,20,0.03204081632653074,0.0,0.0
100,5,high,100,20,0.39020408163265313,0.0784313725490196,16.0
100,5,high,1000,10,0.3871734693877565,0.0196078431372549,4.0
100,5,high,1000,20,0.37994897959183793,0.00980392156862745,2.0
100,6,low,100,10,0.04204081632653063,0.03508771929824561,8.0
100,6,low,100,20,0.03795918367346938,0.0,0.0
100,6,low,1000,20,0.039500000000000146,0.0,0.0
100,6,high,100,10,0.3989795918367346,0.18421052631578946,42.0
100,6,high,100,20,0.4003061224489795,0.21929824561403508,50.0
100,7,low,100,20,0.035204081632653046,0.0,0.0
100,7,low,1000,20,0.035285714285714434,0.0,0.0
100,7,high,100,20,0.3898979591836734,0.10784313725490197,22.0
100,7,high,1000,10,0.38202040816326643,0.0196078431372549,4.0
100,8,low,100,20,0.03357142857142855,0.09009009009009009,20.0
100,8,low,1000,20,0.03412244897959196,0.036036036036036036,8.0
100,8,high,100,20,0.5173469387755104,0.11711711711711711,26.0
100,8,high,1000,20,0.5089183673469378,0.09009009009009009,20.0
100,9,low,100,10,0.035714285714285705,0.0196078431372549,4.0
50,13,high,100,20,0.3283333333333333,0.038461538461538464,4.0
50,18,high,100,20,0.3547916666666666,0.11538461538461539,12.0
50,17,low,100,10,0.02895833333333333,0.019230769230769232,2.0
50,19,low,1000,20,0.03679166666666665,0.034482758620689655,4.0
50,11,low,1000,20,0.033166666666666636,0.0,0.0
50,11,high,100,20,0.2847916666666667,0.32653061224489793,32.0
50,20,high,100,20,0.3877083333333334,0.2,22.0
50,19,high,1000,10,0.3706875,0.1724137931034483,20.0
50,17,low,100,20,0.037083333333333336,0.019230769230769232,2.0
50,16,high,100,20,0.41708333333333336,0.11538461538461539,12.0
100,15,high,1000,10,0.5867244897959136,0.10476190476190476,22.0
50,15,high,100,10,0.35916666666666663,0.2786885245901639,34.0
50,15,high,100,20,0.36687500000000023,0.29508196721311475,36.0
50,19,high,100,20,0.3716666666666665,0.15517241379310345,18.0
50,2,low,3000,20,0.0306527777777777,0.034482758620689655,4.0
50,4,low,3000,20,0.03924999999999988,0.0,0.0
100,2,low,3000,20,0.03314285714285654,0.10569105691056911,26.0
50,11,high,1000,20,0.2798333333333334,0.0,0.0
100,9,low,100,20,0.03408163265306121,0.0,0.0
100,9,low,1000,10,0.03588775510204091,0.00980392156862745,2.0
100,18,low,1000,20,0.03027551020408173,0.05263157894736842,12.0
100,9,low,1000,20,0.034918367346938865,0.00980392156862745,2.0
100,9,high,100,10,0.4736734693877548,0.10784313725490197,22.0
100,9,high,100,20,0.4762244897959183,0.1568627450980392,32.0
100,10,low,100,20,0.02999999999999998,0.0,0.0
100,10,low,1000,20,0.03314285714285728,0.0,0.0
50,12,high,100,20,0.35229166666666667,0.29310344827586204,34.0
100,10,high,100,10,0.4049999999999998,0.1111111111111111,24.0
100,10,high,100,20,0.4053061224489793,0.3333333333333333,72.0
100,10,high,1000,20,0.40086734693877746,0.12962962962962962,28.0
50,12,low,100,20,0.035833333333333335,0.13793103448275862,16.0
50,13,low,1000,20,0.0346666666666666,0.0,0.0
50,18,low,100,20,0.03583333333333333,0.0,0.0
50,18,low,1000,20,0.03875000000000002,0.0,0.0
50,13,high,1000,20,0.33220833333333344,0.057692307692307696,6.0
100,14,low,100,20,0.03602040816326529,0.05405405405405406,12.0
100,13,low,100,20,0.03081632653061223,0.0,0.0
100,20,low,1000,10,0.03398979591836744,0.009009009009009009,2.0
100,18,high,100,20,0.40918367346938767,0.15789473684210525,36.0
200,20,low,100,20,0.03489898989898988,0.018691588785046728,8.0
200,1,low,1000,20,0.03729292929292985,0.06639004149377593,32.0
200,20,low,100,10,0.03409090909090907,0.037383177570093455,16.0
200,20,low,1000,20,0.03440909090909142,0.009345794392523364,4.0
50,17,high,1000,10,0.4928333333333336,0.057692307692307696,6.0
50,16,low,100,20,0.03354166666666667,0.038461538461538464,4.0
50,16,low,1000,20,0.035729166666666666,0.038461538461538464,4.0
200,20,low,3000,10,0.03370707070707151,0.07476635514018691,32.0
50,19,low,100,20,0.03708333333333335,0.034482758620689655,4.0
200,20,low,3000,20,0.033749158249159056,0.0,0.0
50,20,low,100,20,0.035625,0.01818181818181818,2.0
50,12,low,1000,20,0.03577083333333326,0.017241379310344827,2.0
50,16,high,1000,20,0.41535416666666636,0.057692307692307696,6.0
50,14,low,100,20,0.03937500000000002,0.01818181818181818,2.0
50,14,low,1000,20,0.03741666666666662,0.01818181818181818,2.0
50,15,low,1000,20,0.04020833333333331,0.01639344262295082,2.0
50,17,low,1000,20,0.032249999999999945,0.0,0.0
200,1,high,1000,20,0.5192323232323222,0.22821576763485477,110.0
100,14,low,100,10,0.03285714285714286,0.05405405405405406,12.0
50,13,low,100,20,0.036250000000000004,0.0,0.0
50,17,high,100,20,0.509375,0.1346153846153846,14.0
50,14,high,100,20,0.3439583333333335,0.16363636363636364,18.0
100,15,low,100,20,0.033163265306122444,0.0,0.0
100,14,high,100,10,0.3510204081632655,0.2072072072072072,46.0
100,12,low,100,20,0.03683673469387754,0.15789473684210525,36.0
50,15,low,100,20,0.039375,0.04918032786885246,6.0
100,19,low,100,10,0.035918367346938755,0.02857142857142857,6.0
100,11,low,100,20,0.03826530612244897,0.03508771929824561,8.0
50,18,high,1000,20,0.3611041666666663,0.038461538461538464,4.0
100,12,low,1000,20,0.03768367346938787,0.008771929824561403,2.0
50,20,low,1000,20,0.037312500000000005,0.0,0.0
100,5,low,3000,20,0.03127891156462535,0.0,0.0
100,15,low,1000,20,0.032102040816326616,0.0,0.0
100,3,low,3000,20,0.03635034013605391,0.01904761904761905,4.0
100,11,high,100,20,0.43785714285714256,0.24561403508771928,56.0
50,5,low,3000,20,0.03563194444444437,0.038461538461538464,4.0
200,20,high,1000,20,0.4146111111111141,0.09345794392523364,40.0
100,17,low,1000,20,0.03427551020408172,0.009523809523809525,2.0
100,13,high,1000,20,0.5542959183673429,0.00980392156862745,2.0
100,17,high,1000,10,0.3500408163265305,0.06666666666666667,14.0
50,5,high,3000,20,0.3301875,0.0,0.0
100,11,high,1000,10,0.43755102040816646,0.12280701754385964,28.0
100,16,low,100,20,0.0407142857142857,0.027777777777777776,6.0
50,3,low,3000,20,0.033444444444444284,0.06896551724137931,8.0
100,20,high,1000,10,0.3822244897959196,0.10810810810810811,24.0
100,4,low,3000,20,0.03974149659863907,0.0,0.0
100,20,low,1000,20,0.03237755102040828,0.018018018018018018,4.0
100,17,low,1000,10,0.034755102040816506,0.01904761904761905,4.0
100,14,high,100,20,0.3568367346938775,0.17117117117117117,38.0
100,12,high,100,20,0.4082653061224488,0.23684210526315788,54.0
100,17,high,100,20,0.3630612244897959,0.18095238095238095,38.0
100,18,low,100,20,0.03040816326530611,0.06140350877192982,14.0
100,20,low,100,10,0.033877551020408146,0.04504504504504504,10.0
50,12,high,1000,20,0.3609166666666669,0.10344827586206896,12.0
50,19,high,1000,20,0.36924999999999997,0.06896551724137931,8.0
100,19,low,1000,20,0.03532653061224508,0.0380952380952381,8.0
50,20,high,1000,20,0.3773333333333337,0.07272727272727272,8.0
100,17,low,100,20,0.034081632653061224,0.0,0.0
100,15,high,1000,20,0.5895204081632601,0.11428571428571428,24.0
100,16,low,1000,20,0.036448979591836926,0.037037037037037035,8.0
100,19,high,100,20,0.5154081632653064,0.09523809523809523,20.0
100,14,low,1000,20,0.03429591836734699,0.009009009009009009,2.0
100,5,high,3000,20,0.38509523809524665,0.00980392156862745,2.0
100,19,high,1000,20,0.5102959183673466,0.02857142857142857,6.0
100,20,high,1000,20,0.3811326530612254,0.10810810810810811,24.0
100,19,low,100,20,0.03438775510204081,0.0,0.0
100,2,high,3000,20,0.5743401360544278,0.2601626016260163,64.0
100,3,high,3000,20,0.5408265306122492,0.01904761904761905,4.0
100,13,high,100,20,0.5551020408163267,0.14705882352941177,30.0
100,16,high,100,10,0.3794897959183672,0.2037037037037037,44.0
50,12,high,100,10,0.3520833333333333,0.15517241379310345,18.0
100,2,low,100,10,0.030918367346938744,0.14634146341463414,36.0
100,16,high,100,20,0.39,0.12962962962962962,28.0
100,17,high,1000,20,0.3521632653061217,0.01904761904761905,4.0
200,3,low,100,10,0.04020202020202019,0.07964601769911504,36.0
200,2,low,100,20,0.03328282828282827,0.013100436681222707,6.0
200,5,low,100,20,0.03540404040404038,0.01951219512195122,8.0
200,20,high,3000,20,0.4140757575757611,0.06074766355140187,26.0
200,20,high,3000,20,0.4140757575757611,0.06074766355140187,26.0
200,4,low,100,20,0.03707070707070706,0.03879310344827586,18.0
200,19,high,3000,20,0.5365875420875381,0.07009345794392523,30.0
200,3,low,1000,10,0.037217171717172294,0.05309734513274336,24.0
200,4,high,100,10,0.6384848484848482,0.28879310344827586,134.0
200,5,low,1000,20,0.03520202020202069,0.024390243902439025,10.0
200,3,low,1000,20,0.03680303030303078,0.05309734513274336,24.0
100,18,high,1000,20,0.41359183673469685,0.13157894736842105,30.0
200,4,low,1000,20,0.03678282828282883,0.02586206896551724,12.0
50,6,high,3000,10,0.3223402777777774,0.0,0.0
200,1,high,100,20,0.517878787878788,0.2987551867219917,144.0
100,11,low,1000,20,0.03789795918367357,0.008771929824561403,2.0
200,5,high,100,20,0.4236868686868684,0.09268292682926829,38.0
200,3,low,100,20,0.0358080808080808,0.03982300884955752,18.0
200,5,high,1000,20,0.4238232323232353,0.014634146341463415,6.0
200,20,high,100,20,0.41782828282828277,0.19626168224299065,84.0
200,1,low,100,20,0.03696969696969696,0.04149377593360996,20.0
50,8,low,3000,20,0.037291666666666466,0.017241379310344827,2.0
200,19,high,1000,20,0.5386868686868665,0.07009345794392523,30.0
50,6,high,3000,20,0.3249027777777776,0.057692307692307696,6.0
50,1,high,100,10,0.34729166666666667,0.12727272727272726,14.0
50,1,low,3000,10,0.041409722222221994,0.0,0.0
50,7,low,3000,10,0.029493055555555477,0.0,0.0
50,4,high,3000,20,0.30870138888888843,0.0,0.0
50,3,low,3000,10,0.03388194444444426,0.08620689655172414,10.0
50,8,low,3000,10,0.037340277777777736,0.017241379310344827,2.0
50,5,low,3000,10,0.035895833333333224,0.038461538461538464,4.0
50,4,low,3000,10,0.03844444444444437,0.0,0.0
50,7,high,3000,10,0.37945833333333173,0.057692307692307696,6.0
50,1,high,3000,20,0.3378263888888898,0.12727272727272726,14.0
50,6,low,3000,10,0.031097222222222134,0.0,0.0
50,1,high,3000,10,0.3402291666666659,0.03636363636363636,4.0
50,3,high,3000,10,0.32356944444444485,0.1896551724137931,22.0
50,1,low,100,10,0.042083333333333334,0.0,0.0
50,2,high,100,10,0.34375000000000017,0.22413793103448276,26.0
50,2,high,3000,10,0.35481944444444463,0.10344827586206896,12.0
50,5,high,3000,10,0.3290486111111115,0.0,0.0
50,2,low,1000,10,0.03012499999999993,0.05172413793103448,6.0
50,4,low,100,10,0.04125000000000001,0.0,0.0
50,3,low,100,10,0.030000000000000013,0.06896551724137931,8.0
50,7,high,3000,20,0.38071527777777797,0.09615384615384616,10.0
50,1,low,1000,10,0.04131250000000006,0.0,0.0
50,1,high,1000,20,0.33779166666666643,0.09090909090909091,10.0
50,2,high,1000,10,0.3584791666666669,0.06896551724137931,8.0
50,4,low,1000,10,0.03889583333333336,0.0,0.0
50,5,high,100,10,0.32604166666666673,0.057692307692307696,6.0
50,3,high,3000,20,0.3226875000000003,0.1206896551724138,14.0
50,4,high,100,10,0.30395833333333333,0.0,0.0
50,3,high,100,10,0.3170833333333334,0.13793103448275862,16.0
50,4,high,1000,10,0.3136249999999996,0.0,0.0
50,6,low,100,10,0.028124999999999997,0.0,0.0
50,7,low,1000,10,0.028958333333333294,0.0,0.0
50,7,high,100,10,0.3839583333333333,0.07692307692307693,8.0
50,5,low,1000,10,0.037104166666666674,0.038461538461538464,4.0
50,6,low,1000,10,0.029104166666666643,0.0,0.0
50,4,high,1000,20,0.3125833333333335,0.0,0.0
50,6,high,100,10,0.33770833333333344,0.07692307692307693,8.0
50,8,low,100,10,0.031875,0.05172413793103448,6.0
50,7,low,100,10,0.024375000000000004,0.019230769230769232,2.0
50,5,low,100,10,0.04166666666666665,0.038461538461538464,4.0
50,10,low,1000,10,0.036250000000000046,0.05172413793103448,6.0
50,8,low,1000,10,0.036854166666666646,0.0,0.0
50,5,high,1000,10,0.33197916666666644,0.0,0.0
50,13,low,100,10,0.034583333333333334,0.0,0.0
50,11,low,1000,10,0.03231249999999999,0.0,0.0
50,15,low,100,10,0.04020833333333334,0.04918032786885246,6.0
50,10,low,100,10,0.03333333333333335,0.034482758620689655,4.0
50,11,low,100,10,0.033125000000000016,0.0,0.0
50,13,low,1000,10,0.03545833333333335,0.0,0.0
50,8,high,100,10,0.3364583333333333,0.10344827586206896,12.0
50,13,high,100,10,0.335,0.11538461538461539,12.0
50,9,high,1000,10,0.4812500000000001,0.1206896551724138,14.0
50,7,high,1000,10,0.3800833333333336,0.057692307692307696,6.0
50,8,high,1000,10,0.32760416666666653,0.20689655172413793,24.0
50,10,high,1000,10,0.34343749999999995,0.1724137931034483,20.0
50,9,low,1000,10,0.03497916666666664,0.05172413793103448,6.0
50,15,low,1000,10,0.04272916666666668,0.08196721311475409,10.0
50,16,low,100,10,0.034999999999999996,0.038461538461538464,4.0
50,18,low,100,10,0.03666666666666667,0.0,0.0
50,13,high,1000,10,0.3270000000000002,0.038461538461538464,4.0
50,20,low,100,10,0.04270833333333333,0.01818181818181818,2.0
50,16,low,1000,10,0.036437500000000005,0.057692307692307696,6.0
50,11,high,100,10,0.28312500000000007,0.04081632653061224,4.0
50,14,high,100,10,0.33791666666666664,0.12727272727272726,14.0
50,14,low,100,10,0.040625000000000015,0.01818181818181818,2.0
50,12,high,1000,10,0.3570208333333338,0.08620689655172414,10.0
50,12,low,100,10,0.036666666666666674,0.1206896551724138,14.0
50,16,high,1000,10,0.41243750000000007,0.038461538461538464,4.0
50,18,low,1000,10,0.03616666666666669,0.0,0.0
50,5,high,1000,20,0.33629166666666693,0.0,0.0
50,19,low,1000,10,0.037062499999999915,0.034482758620689655,4.0
50,11,high,1000,10,0.2834583333333337,0.0,0.0
50,19,high,100,10,0.37145833333333345,0.05172413793103448,6.0
50,19,low,100,10,0.038541666666666675,0.034482758620689655,4.0
50,14,low,1000,10,0.03783333333333331,0.05454545454545454,6.0
50,20,low,1000,10,0.037812500000000006,0.01818181818181818,2.0
50,17,high,100,10,0.5010416666666668,0.23076923076923078,24.0
50,16,high,100,10,0.4027083333333333,0.09615384615384616,10.0
50,20,high,1000,10,0.37804166666666655,0.05454545454545454,6.0
50,20,high,100,10,0.3929166666666667,0.18181818181818182,20.0
50,6,high,1000,20,0.3240624999999997,0.019230769230769232,2.0
50,18,high,100,10,0.3531249999999999,0.1346153846153846,14.0
50,14,high,1000,10,0.34689583333333335,0.05454545454545454,6.0
50,18,high,1000,10,0.3602083333333334,0.09615384615384616,10.0
50,14,high,1000,20,0.34960416666666655,0.03636363636363636,4.0
100,3,high,3000,10,0.5406666666666712,0.009523809523809525,2.0
50,15,high,1000,10,0.35400000000000015,0.13114754098360656,16.0
50,12,low,1000,10,0.033437499999999974,0.0,0.0
50,15,high,1000,20,0.3512291666666667,0.08196721311475409,10.0
50,1,low,100,10,0.042083333333333334,0.0,0.0
50,1,low,100,20,0.04229166666666666,0.01818181818181818,2.0
50,17,low,1000,10,0.032270833333333256,0.0,0.0
100,15,high,100,10,0.5992857142857145,0.13333333333333333,28.0
100,20,high,100,10,0.39051020408163256,0.18018018018018017,40.0
100,15,low,100,10,0.0320408163265306,0.01904761904761905,4.0
100,13,low,100,10,0.029183673469387758,0.00980392156862745,2.0
100,17,low,100,10,0.03418367346938775,0.009523809523809525,2.0
100,16,low,100,10,0.03959183673469388,0.06481481481481481,14.0
100,18,high,100,10,0.414081632653061,0.17543859649122806,40.0
100,13,low,1000,10,0.03123469387755107,0.0,0.0
100,4,low,100,10,0.042244897959183667,0.027777777777777776,6.0
100,19,high,100,10,0.5004081632653061,0.12380952380952381,26.0
100,3,low,100,10,0.03499999999999998,0.02857142857142857,6.0
100,19,low,1000,10,0.03509183673469403,0.02857142857142857,6.0
100,1,high,100,10,0.525,0.35,84.0
100,14,low,1000,10,0.03313265306122462,0.018018018018018018,4.0
100,2,low,1000,10,0.03214285714285725,0.0975609756097561,24.0
100,4,high,100,10,0.5036734693877551,0.21296296296296297,46.0
100,16,low,1000,10,0.03603061224489811,0.05555555555555555,12.0
100,18,low,100,10,0.028469387755102025,0.13157894736842105,30.0
100,3,low,1000,10,0.035224489795918495,0.01904761904761905,4.0
100,11,low,100,10,0.035204081632653046,0.07017543859649122,16.0
100,18,low,1000,10,0.02922448979591845,0.07894736842105263,18.0
50,8,high,3000,20,0.32987499999999975,0.06896551724137931,8.0
100,15,low,1000,10,0.031265306122449085,0.01904761904761905,4.0
100,2,high,1000,10,0.5747244897959131,0.21138211382113822,52.0
100,13,high,1000,10,0.5523673469387717,0.029411764705882353,6.0
100,12,low,1000,10,0.037928571428571575,0.07894736842105263,18.0
100,10,low,1000,10,0.032020408163265394,0.018518518518518517,4.0
100,12,low,100,10,0.03510204081632652,0.07017543859649122,16.0
100,19,high,1000,10,0.5059897959183669,0.05714285714285714,12.0
100,13,high,100,10,0.5467346938775514,0.21568627450980393,44.0
100,18,high,1000,10,0.4142040816326547,0.043859649122807015,10.0
100,3,high,1000,10,0.5384897959183642,0.02857142857142857,6.0
100,11,low,1000,10,0.03705102040816341,0.07017543859649122,16.0
100,1,high,1000,10,0.5384081632653033,0.20833333333333334,50.0
100,7,low,100,10,0.03479591836734695,0.00980392156862745,2.0
100,14,high,1000,10,0.35261224489795834,0.0990990990990991,22.0
100,3,high,100,10,0.547857142857143,0.2,42.0
100,17,high,100,10,0.35173469387755113,0.14285714285714285,30.0
100,16,high,1000,10,0.37678571428571433,0.12037037037037036,26.0
100,6,low,1000,10,0.038357142857142965,0.043859649122807015,10.0
100,2,high,100,10,0.5716326530612248,0.3333333333333333,82.0
100,20,low,100,20,0.033265306122448976,0.04504504504504504,10.0
100,8,low,100,10,0.033571428571428565,0.036036036036036036,8.0
100,5,low,100,10,0.03204081632653061,0.0196078431372549,4.0
100,5,high,100,10,0.3874489795918366,0.08823529411764706,18.0
100,7,high,100,10,0.38316326530612244,0.14705882352941177,30.0
100,12,high,1000,10,0.39428571428571585,0.23684210526315788,54.0
100,10,high,1000,10,0.3981122448979609,0.06481481481481481,14.0
100,10,low,100,10,0.03132653061224489,0.037037037037037035,8.0
100,8,low,1000,10,0.034438775510204175,0.02702702702702703,6.0
100,8,high,100,10,0.5132653061224489,0.2072072072072072,46.0
100,9,high,1000,10,0.47797959183673605,0.029411764705882353,6.0
100,4,high,1000,10,0.5068265306122443,0.12037037037037036,26.0
100,16,high,1000,20,0.3774285714285725,0.10185185185185185,22.0
100,4,high,3000,10,0.5044013605442187,0.06481481481481481,14.0
100,1,high,3000,10,0.5367823129251743,0.19166666666666668,46.0
100,2,high,3000,10,0.573894557823135,0.2601626016260163,64.0
50,4,high,3000,10,0.31100000000000017,0.0,0.0
50,8,high,3000,10,0.33075694444444487,0.05172413793103448,6.0
200,5,low,1000,10,0.03623737373737427,0.01951219512195122,8.0
100,1,low,1000,10,0.038540816326530766,0.06666666666666667,16.0
200,5,high,100,10,0.4168686868686867,0.07804878048780488,32.0
100,12,high,1000,20,0.39562244897959287,0.16666666666666666,38.0
200,5,low,100,10,0.03803030303030301,0.01951219512195122,8.0
200,5,high,1000,10,0.42370202020202297,0.00975609756097561,4.0
200,4,low,100,10,0.03469696969696967,0.1206896551724138,56.0
100,9,high,1000,20,0.4763469387755121,0.0196078431372549,4.0
200,2,high,100,10,0.5371212121212126,0.25327510917030566,116.0
100,14,high,1000,20,0.3536938775510203,0.05405405405405406,12.0
200,4,high,1000,20,0.6422575757575744,0.1724137931034483,80.0
200,1,high,1000,10,0.5212121212121197,0.22406639004149378,108.0
100,7,high,1000,20,0.3789387755102051,0.00980392156862745,2.0
100,11,high,1000,20,0.4346938775510235,0.21052631578947367,48.0
200,2,low,100,10,0.03429292929292926,0.10043668122270742,46.0
200,20,high,100,10,0.4216666666666663,0.14953271028037382,64.0
200,4,high,100,20,0.6382828282828281,0.33620689655172414,156.0
200,20,low,1000,10,0.03470202020202073,0.03271028037383177,14.0
200,3,high,1000,10,0.44988888888889084,0.1504424778761062,68.0
200,19,high,1000,10,0.5358232323232297,0.04205607476635514,18.0
200,2,high,1000,10,0.5396060606060583,0.2096069868995633,96.0
200,4,low,1000,10,0.036742424242424805,0.08620689655172414,40.0
200,3,high,1000,20,0.4489646464646489,0.13274336283185842,60.0
200,2,low,1000,10,0.03304040404040451,0.12663755458515283,58.0
200,4,high,1000,10,0.6403636363636342,0.06896551724137931,32.0
100,5,low,1000,10,0.03190816326530623,0.0196078431372549,4.0
200,2,high,1000,20,0.5346717171717156,0.1615720524017467,74.0
100,6,high,1000,10,0.403581632653063,0.09649122807017543,22.0
100,8,high,1000,10,0.5116224489795911,0.11711711711711711,26.0
100,7,low,1000,10,0.034561224489796004,0.00980392156862745,2.0
50,11,low,100,20,0.031041666666666655,0.0,0.0
50,17,high,1000,20,0.495666666666667,0.038461538461538464,4.0
50,7,low,3000,20,0.028569444444444328,0.0,0.0
50,9,high,3000,10,0.4832291666666666,0.1206896551724138,14.0
200,1,low,100,10,0.037373737373737344,0.14937759336099585,72.0
50,13,high,3000,10,0.3314583333333332,0.038461538461538464,4.0
200,9,high,100,10,0.40227272727272706,0.09134615384615384,38.0
50,10,low,3000,20,0.03565972222222207,0.0,0.0
200,10,low,100,10,0.032929292929292905,0.03902439024390244,16.0
100,6,high,1000,20,0.4003673469387775,0.14912280701754385,34.0
100,13,low,1000,20,0.03169387755102053,0.0,0.0
50,9,low,3000,10,0.03390277777777769,0.017241379310344827,2.0
50,11,high,3000,20,0.28086111111111095,0.0,0.0
200,12,low,100,10,0.03459595959595957,0.07109004739336493,30.0
200,7,low,100,10,0.03828282828282826,0.03225806451612903,14.0
50,17,low,3000,20,0.033180555555555484,0.0,0.0
200,9,low,100,10,0.037272727272727256,0.02403846153846154,10.0
200,10,high,100,20,0.5995454545454549,0.22926829268292684,94.0
200,7,low,100,20,0.037474747474747445,0.041474654377880185,18.0
200,10,low,100,20,0.03186868686868685,0.0,0.0
200,11,low,100,20,0.03505050505050504,0.03365384615384615,14.0
200,12,low,100,20,0.03404040404040404,0.018957345971563982,8.0
50,1,high,1000,10,0.34068750000000003,0.2727272727272727,30.0
100,11,high,100,10,0.4303061224489793,0.6140350877192983,140.0
100,15,high,100,20,0.5874489795918367,0.37142857142857144,78.0
100,20,high,100,20,0.3933673469387757,0.2972972972972973,66.0
100,4,low,3000,10,0.03993877551020367,0.037037037037037035,8.0
200,19,low,100,20,0.03424242424242423,0.028037383177570093,12.0
100,1,low,3000,10,0.038098639455781895,0.10833333333333334,26.0
100,1,low,3000,20,0.03884013605442135,0.016666666666666666,4.0
200,1,high,100,10,0.5195959595959596,0.5477178423236515,264.0
200,2,low,3000,20,0.03449494949495032,0.013100436681222707,6.0
200,3,high,100,20,0.4465656565656561,0.23008849557522124,104.0
200,7,high,100,10,0.6664141414141411,0.31797235023041476,138.0
200,1,high,3000,10,0.518829966329964,0.16597510373443983,80.0
200,19,high,100,10,0.5309090909090913,0.14485981308411214,62.0
100,5,low,3000,10,0.03149999999999949,0.0196078431372549,4.0
200,19,high,100,20,0.5364141414141417,0.5327102803738317,228.0
100,1,high,3000,20,0.5347959183673502,0.19166666666666668,46.0
100,4,high,3000,20,0.502965986394558,0.10185185185185185,22.0
200,4,low,3000,10,0.03698484848484937,0.03879310344827586,18.0
200,5,low,3000,10,0.03573737373737458,0.00975609756097561,4.0
200,5,low,3000,20,0.035929292929293775,0.01951219512195122,8.0
200,4,low,3000,20,0.03747306397306487,0.021551724137931036,10.0
50,10,low,3000,10,0.03585416666666649,0.06896551724137931,8.0
200,2,high,3000,10,0.5371531986531953,0.1572052401746725,72.0
100,5,high,3000,10,0.385425170068036,0.0196078431372549,4.0
50,10,high,3000,10,0.33915277777777786,0.1724137931034483,20.0
100,2,low,3000,10,0.032717687074829395,0.10569105691056911,26.0
50,10,high,3000,20,0.3373680555555561,0.08620689655172414,10.0
100,7,low,3000,10,0.03539795918367301,0.0,0.0
100,7,high,3000,10,0.37692857142858105,0.0196078431372549,4.0
50,9,high,3000,20,0.48248611111111117,0.06896551724137931,8.0
200,5,high,3000,10,0.42339393939394177,0.024390243902439025,10.0
200,2,high,3000,10,0.5371531986531953,0.1572052401746725,72.0
200,9,low,100,20,0.0411111111111111,0.0,0.0
200,3,high,3000,10,0.4503670033670066,0.10176991150442478,46.0
100,7,high,3000,20,0.37836394557824193,0.00980392156862745,2.0
200,8,low,100,20,0.03696969696969696,0.009615384615384616,4.0
100,6,high,3000,20,0.3988265306122508,0.07894736842105263,18.0
200,5,high,3000,20,0.4244461279461313,0.01951219512195122,8.0
200,8,high,100,20,0.6146969696969699,0.1875,78.0
200,3,low,3000,10,0.03642255892255979,0.0752212389380531,34.0
200,1,low,3000,20,0.037794612794613686,0.08298755186721991,40.0
100,6,high,3000,10,0.39843877551021084,0.11403508771929824,26.0
200,3,high,3000,20,0.4502895622895657,0.084070796460177,38.0
200,4,high,3000,20,0.6401144781144757,0.19827586206896552,92.0
200,4,high,3000,10,0.6384983164983136,0.11206896551724138,52.0
200,2,high,3000,20,0.5373956228956203,0.18340611353711792,84.0
200,2,low,3000,10,0.034117845117845935,0.10480349344978165,48.0
200,1,high,3000,20,0.5194612794612775,0.16182572614107885,78.0
100,8,low,3000,10,0.03408843537414912,0.02702702702702703,6.0
200,7,low,3000,10,0.03912626262626356,0.08294930875576037,36.0
100,7,low,3000,20,0.03476530612244847,0.00980392156862745,2.0
200,8,high,1000,20,0.6127929292929273,0.0625,26.0
100,8,high,3000,20,0.5113741496598636,0.10810810810810811,24.0
200,6,low,1000,10,0.03481313131313184,0.07423580786026202,34.0
200,2,low,1000,20,0.03414646464646514,0.004366812227074236,2.0
100,8,high,3000,10,0.5128163265306129,0.09009009009009009,20.0
100,3,low,3000,10,0.03617006802721039,0.009523809523809525,2.0
100,6,low,3000,10,0.0390374149659859,0.06140350877192982,14.0
200,7,low,1000,10,0.039277777777778355,0.07373271889400922,32.0
100,8,low,3000,20,0.034244897959183195,0.018018018018018018,4.0
50,6,low,3000,20,0.030638888888888844,0.0,0.0
200,8,low,1000,20,0.03579797979798032,0.004807692307692308,2.0
100,6,low,3000,20,0.038465986394557374,0.017543859649122806,4.0
200,8,high,1000,10,0.6134090909090881,0.052884615384615384,22.0
200,7,high,100,20,0.6746969696969694,0.2534562211981567,110.0
200,8,low,3000,20,0.03599158249158335,0.009615384615384616,4.0
200,7,high,1000,10,0.6617878787878757,0.1152073732718894,50.0
200,7,high,3000,10,0.6608771043771027,0.09216589861751152,40.0
200,8,low,3000,10,0.03545959595959681,0.014423076923076924,6.0
200,8,high,100,10,0.6171717171717171,0.1875,78.0
200,8,low,100,10,0.035707070707070694,0.02403846153846154,10.0
200,6,high,3000,10,0.6346582491582471,0.13537117903930132,62.0
200,6,high,1000,20,0.6347424242424209,0.18340611353711792,84.0
200,7,high,1000,20,0.6653636363636353,0.08294930875576037,36.0
200,6,low,3000,20,0.03446632996633078,0.05240174672489083,24.0
200,6,high,1000,10,0.6338989898989876,0.14410480349344978,66.0
200,6,low,100,20,0.037676767676767656,0.056768558951965066,26.0
200,6,high,100,20,0.6288888888888887,0.27074235807860264,124.0
200,6,high,3000,20,0.6346750841750817,0.13973799126637554,64.0
200,6,low,1000,20,0.03456565656565706,0.048034934497816595,22.0
200,3,low,3000,20,0.036479797979798854,0.01327433628318584,6.0
200,8,high,3000,20,0.6149326599326571,0.038461538461538464,16.0
200,1,low,3000,10,0.03770875420875511,0.06224066390041494,30.0
200,8,high,3000,10,0.6133973063973027,0.03365384615384615,14.0
200,6,low,100,10,0.031818181818181794,0.06550218340611354,30.0
200,6,high,100,10,0.6308080808080808,0.36681222707423583,168.0
50,9,low,3000,20,0.034451388888888684,0.05172413793103448,6.0
50,11,low,3000,10,0.0326388888888887,0.0,0.0
50,11,low,3000,20,0.03226388888888875,0.0,0.0
50,11,high,3000,10,0.27955555555555534,0.0,0.0
50,12,low,3000,10,0.03374305555555543,0.034482758620689655,4.0
50,12,low,3000,20,0.03435416666666659,0.25862068965517243,30.0
50,12,high,3000,10,0.35818055555555584,0.22413793103448276,26.0
50,12,high,3000,20,0.35633333333333245,0.2413793103448276,28.0
50,13,low,3000,20,0.035736111111111045,0.0,0.0
50,13,high,3000,20,0.3329583333333335,0.15384615384615385,16.0
50,14,low,3000,10,0.03681249999999995,0.01818181818181818,2.0
50,14,high,3000,10,0.34920138888888813,0.07272727272727272,8.0
50,14,high,3000,20,0.3458194444444449,0.01818181818181818,2.0
50,15,low,3000,10,0.040777777777777656,0.16393442622950818,20.0
50,15,low,3000,20,0.039819444444444414,0.11475409836065574,14.0
50,15,high,3000,10,0.3523402777777776,0.4426229508196721,54.0
50,15,high,3000,20,0.35129166666666684,0.22950819672131148,28.0
100,9,low,3000,10,0.03558163265306064,0.029411764705882353,6.0
100,9,low,3000,20,0.03630612244897914,0.0196078431372549,4.0
100,9,high,3000,10,0.4744931972789108,0.11764705882352941,24.0
100,9,high,3000,20,0.4729795918367325,0.049019607843137254,10.0
100,10,low,3000,10,0.03205782312925109,0.037037037037037035,8.0
100,10,low,3000,20,0.03203401360544177,0.0,0.0
100,10,high,3000,10,0.4000238095238157,0.14814814814814814,32.0
100,10,high,3000,20,0.3990408163265374,0.2037037037037037,44.0
100,11,high,3000,10,0.431986394557825,0.2543859649122807,58.0
100,12,low,3000,10,0.03707142857142804,0.2982456140350877,68.0
100,12,low,3000,20,0.03823469387755058,0.008771929824561403,2.0
100,12,high,3000,10,0.3925782312925244,0.5526315789473685,126.0
200,11,low,1000,10,0.03421717171717222,0.07692307692307693,32.0
100,13,low,3000,20,0.03183673469387703,0.0,0.0
100,13,high,3000,10,0.5553061224489834,0.049019607843137254,10.0
100,13,high,3000,20,0.5542653061224541,0.06862745098039216,14.0
100,15,low,3000,10,0.031520408163264756,0.0761904761904762,16.0
200,7,low,1000,20,0.03892424242424301,0.0,0.0
200,7,low,3000,20,0.03909090909091003,0.009216589861751152,4.0
200,7,high,3000,20,0.6598080808080764,0.11981566820276497,52.0
200,8,low,1000,10,0.036121212121212665,0.03365384615384615,14.0
200,9,low,1000,10,0.03734343434343489,0.07211538461538461,30.0
200,9,low,1000,20,0.03692929292929349,0.0,0.0
200,9,low,3000,10,0.03656734006734094,0.1201923076923077,50.0
200,9,low,3000,20,0.03656060606060693,0.03365384615384615,14.0
200,9,high,1000,10,0.40659595959596245,0.08653846153846154,36.0
200,9,high,1000,20,0.4067575757575783,0.11057692307692307,46.0
200,9,high,3000,20,0.40715319865320215,0.16826923076923078,70.0
200,10,low,1000,10,0.03381313131313182,0.02926829268292683,12.0
200,10,low,1000,20,0.03394949494949543,0.014634146341463415,6.0
200,10,low,3000,10,0.033742424242425045,0.02926829268292683,12.0
200,10,high,100,10,0.5882323232323237,0.3951219512195122,162.0
200,11,low,1000,20,0.035707070707071235,0.052884615384615384,22.0
200,10,high,1000,10,0.5956161616161588,0.06341463414634146,26.0
100,14,high,3000,20,0.3554217687074957,0.0990990990990991,22.0
200,10,high,1000,20,0.5967676767676745,0.13658536585365855,56.0
200,10,high,3000,10,0.5975656565656534,0.04390243902439024,18.0
200,11,low,3000,10,0.03502020202020286,0.009615384615384616,4.0
200,10,high,3000,20,0.5960117845117814,0.07317073170731707,30.0
200,11,low,100,10,0.03353535353535353,0.038461538461538464,16.0
200,11,high,100,10,0.7435353535353538,0.5528846153846154,230.0
200,11,high,100,20,0.7396969696969693,0.46153846153846156,192.0
200,12,high,100,10,0.48090909090909056,0.2890995260663507,122.0
200,13,low,100,10,0.04085858585858586,0.11818181818181818,52.0
200,13,high,100,10,0.4516666666666664,0.40454545454545454,178.0
200,15,high,100,20,0.6392929292929291,0.4519230769230769,188.0
200,11,high,1000,10,0.7414141414141411,0.12980769230769232,54.0
50,13,low,3000,10,0.03593749999999988,0.0,0.0
100,11,low,3000,10,0.03814625850340096,0.14035087719298245,32.0
200,10,low,3000,20,0.03380471380471461,0.0,0.0
100,14,high,3000,10,0.3540986394557955,0.16216216216216217,36.0
100,14,low,3000,20,0.033884353741496016,0.0,0.0
200,11,high,1000,20,0.7390606060606052,0.22115384615384615,92.0
100,15,high,3000,10,0.5859557823129303,0.0761904761904762,16.0
100,11,high,3000,20,0.4333367346938791,0.2719298245614035,62.0
200,12,low,1000,10,0.03374242424242475,0.061611374407582936,26.0
200,12,high,100,20,0.4825757575757574,0.2938388625592417,124.0
200,11,low,3000,20,0.035587542087542924,0.03365384615384615,14.0
200,11,high,3000,10,0.7396346801346796,0.11538461538461539,48.0
200,13,low,1000,10,0.03903535353535411,0.09090909090909091,40.0
100,11,low,3000,20,0.03835034013605399,0.017543859649122806,4.0
100,15,low,3000,20,0.03213265306122395,0.0,0.0
200,11,high,3000,20,0.7413451178451176,0.11538461538461539,48.0
200,6,low,3000,10,0.035316498316499155,0.1091703056768559,50.0
200,13,high,100,20,0.4589898989898987,0.4954545454545455,218.0
100,12,high,3000,20,0.3963435374149731,0.3333333333333333,76.0
200,13,low,1000,20,0.03934343434343492,0.03636363636363636,16.0
200,13,low,3000,10,0.03931818181818276,0.09545454545454546,42.0
200,12,high,3000,20,0.4826077441077457,0.08530805687203792,36.0
200,13,low,3000,20,0.0391649831649841,0.013636363636363636,6.0
200,12,high,1000,20,0.48417171717171836,0.22274881516587677,94.0
200,14,low,1000,10,0.03600505050505104,0.04035874439461883,18.0
100,14,low,3000,10,0.03362244897959129,0.04504504504504504,10.0
200,13,high,1000,10,0.4537525252525276,0.20454545454545456,90.0
200,13,high,3000,10,0.45462121212121503,0.10454545454545454,46.0
200,14,high,100,10,0.45914141414141363,0.7668161434977578,342.0
200,15,high,100,10,0.6392424242424243,0.47596153846153844,198.0
200,13,high,1000,20,0.4561313131313159,0.08636363636363636,38.0
50,14,low,3000,20,0.035999999999999935,0.01818181818181818,2.0
200,15,high,1000,10,0.6427929292929279,0.1971153846153846,82.0
200,15,high,3000,10,0.6407592592592563,0.21634615384615385,90.0
200,14,high,100,20,0.4660101010101006,0.31390134529147984,140.0
100,12,high,100,10,0.39795918367346916,0.42105263157894735,96.0
200,14,low,100,20,0.035808080808080796,0.08968609865470852,40.0
200,15,high,3000,20,0.6394882154882123,0.18269230769230768,76.0
200,13,high,3000,20,0.4541212121212148,0.18636363636363637,82.0
200,14,low,100,10,0.03479797979797979,0.13901345291479822,62.0
200,15,low,100,10,0.0379292929292929,0.07211538461538461,30.0
100,13,low,3000,10,0.031098639455781823,0.0,0.0
200,15,low,3000,20,0.038639730639731557,0.04326923076923077,18.0
200,12,low,3000,10,0.033814814814815616,0.052132701421800945,22.0
200,12,low,1000,20,0.03403535353535403,0.061611374407582936,26.0
200,9,high,3000,10,0.4051632996633038,0.0625,26.0
200,14,low,3000,10,0.035658249158250006,0.07174887892376682,32.0
200,12,low,3000,20,0.034018518518519315,0.023696682464454975,10.0
100,15,high,3000,20,0.5889455782312997,0.13333333333333333,28.0
200,14,high,1000,20,0.46621212121212324,0.273542600896861,122.0
200,14,high,1000,20,0.46621212121212324,0.273542600896861,122.0
200,14,low,1000,20,0.03578282828282881,0.08520179372197309,38.0
200,12,high,3000,10,0.48277441077441163,0.09004739336492891,38.0
200,14,high,1000,10,0.46445454545454756,0.242152466367713,108.0
200,13,low,100,20,0.03848484848484848,0.05,22.0
200,14,high,3000,10,0.46594949494949794,0.2062780269058296,92.0
200,15,low,3000,10,0.03848484848484939,0.11057692307692307,46.0
200,15,high,1000,20,0.6416565656565631,0.20673076923076922,86.0
200,15,low,1000,20,0.038944444444445024,0.0,0.0
200,14,high,3000,20,0.4663922558922583,0.17488789237668162,78.0
50,21,low,100,20,0.03854166666666668,0.038461538461538464,4.0
50,22,low,100,10,0.03708333333333333,0.01818181818181818,2.0
50,23,low,100,20,0.05791666666666667,0.0,0.0
50,21,low,1000,20,0.03975,0.0,0.0
100,16,low,3000,10,0.0361258503401355,0.18518518518518517,40.0
50,21,high,1000,20,0.32627083333333357,0.0,0.0
100,17,high,3000,10,0.35308843537416346,0.05714285714285714,12.0
100,16,low,3000,20,0.036537414965985934,0.0,0.0
50,24,high,100,10,0.44604166666666667,0.4230769230769231,44.0
50,24,low,1000,20,0.03552083333333335,0.0,0.0
50,23,high,1000,10,0.28704166666666686,0.15384615384615385,16.0
50,22,low,1000,10,0.036187500000000025,0.0,0.0
100,16,high,3000,10,0.37452380952381964,0.17592592592592593,38.0
100,19,low,3000,10,0.03520068027210829,0.047619047619047616,10.0
200,16,low,100,10,0.03085858585858585,0.05069124423963134,22.0
50,25,low,100,20,0.03354166666666667,0.06896551724137931,8.0
50,25,high,100,10,0.34854166666666664,0.5517241379310345,64.0
50,21,low,100,10,0.03854166666666667,0.0,0.0
50,21,high,100,10,0.33229166666666665,0.11538461538461539,12.0
200,16,low,1000,10,0.03183333333333376,0.03686635944700461,16.0
50,21,high,100,20,0.32354166666666656,0.6346153846153846,66.0
50,23,high,100,10,0.2764583333333333,0.46153846153846156,48.0
50,23,low,100,10,0.04958333333333333,0.0,0.0
50,25,high,1000,10,0.3501458333333333,0.13793103448275862,16.0
200,17,low,100,10,0.03863636363636362,0.0625,26.0
50,23,high,100,20,0.2999999999999999,0.5192307692307693,54.0
