ntaxa,rep,ils,m,inphynet_runtime,nretic_true,nretic_est,unrooted_major_hwcd,unrooted_hwcd,min_greedy_hwcd,is_greedy_rooted,min_unrooted_nj_hwcd
50,1,low,10,0.008155632,2,2,0,0,0,false,0
50,1,low,20,2.365931971,2,2,0.0,0,0,false,0
50,1,low,30,0.006029568,2,2,0.0,0,0,false,0
50,1,high,10,0.006964752,2,2,0.0,0,0,false,0
50,1,high,20,0.005914431,2,2,0.0,0,0,false,0
50,1,high,30,0.005633418,2,2,0.0,0,0,false,0
50,2,low,10,0.045497736,3,3,0.0,0,0,false,0
50,2,low,20,0.007810266,3,3,0.0,0,0,false,0
50,2,low,30,0.007680507,3,3,0.0,0,0,false,0
50,2,high,10,0.007644786,3,3,0.0,0,0,false,0
50,2,high,20,0.007624108,3,3,0.0,0,0,false,0
50,2,high,30,0.008041511,3,3,0.0,0,0,false,0
50,3,low,10,0.007123157,3,3,0.0,0,0,false,0
50,3,low,20,0.006472523,3,3,0.0,0,0,false,0
50,3,low,30,0.006562277,3,3,0.0,0,0,false,0
50,3,high,10,0.016843076,3,3,0.0,0,0,false,0
50,3,high,20,0.016267545,3,3,0.0,0,0,false,0
50,3,high,30,0.006526944,3,3,0.0,0,0,false,0
50,4,low,10,0.00601367,0,0,0.0,0,0,false,0
50,4,low,20,0.005410691,0,0,0.0,0,0,false,0
50,4,low,30,0.005220999,0,0,0.0,0,0,false,0
50,4,high,10,0.005905154,0,0,0.0,0,0,false,0
50,4,high,20,0.005491099,0,0,0.0,0,0,false,0
50,4,high,30,0.00554088,0,0,0.0,0,0,false,0
50,5,low,10,0.006894221,1,1,0.0,0,0,false,0
50,5,low,20,0.005995015,1,1,0.0,0,0,false,0
50,5,low,30,0.006005236,1,1,0.0,0,0,false,0
50,5,high,10,0.006545199,1,1,0.0,0,0,false,0
50,5,high,20,0.006144232,1,1,0.0,0,0,false,0
50,5,high,30,0.018346247,1,1,0.0,0,0,false,0
50,6,low,10,0.016526048,1,1,0.0,0,0,false,0
50,6,low,20,0.006068999,1,1,0.0,0,0,false,0
50,6,low,30,0.005830549,1,1,0.0,0,0,false,0
50,6,high,10,0.006822013,1,1,0.0,0,0,false,0
50,6,high,20,0.005926835,1,1,0.0,0,0,false,0
50,6,high,30,0.005751858,1,1,0.0,0,0,false,0
50,7,low,10,0.006172603,1,1,0.0,0,0,false,0
50,7,low,20,0.006181237,1,1,0.0,0,0,false,0
50,7,low,30,0.005950007,1,1,0.0,0,0,false,0
50,7,high,10,0.01822108,1,1,0.0,0,0,false,0
50,7,high,20,0.006106884,1,1,0.0,0,0,false,0
50,7,high,30,0.006214123,1,1,0.0,0,0,false,0
50,8,low,10,0.020617219,3,3,0.0,0,0,false,0
50,8,low,20,0.007336843,3,3,0.0,0,0,false,0
50,8,low,30,0.006561119,3,3,0.0,0,0,false,0
50,8,high,10,0.020552991,3,3,0.0,0,0,false,0
50,8,high,20,0.007344692,3,3,0.0,0,0,false,0
50,8,high,30,0.006484323,3,3,0.0,0,0,false,0
50,9,low,10,0.009189198,3,3,0.0,0,0,false,0
50,9,low,20,0.018496863,3,3,0.0,0,0,false,0
50,9,low,30,0.006802575,3,3,0.0,0,0,false,0
50,9,high,10,0.009267355,3,3,0.0,2,2,false,0
50,9,high,20,0.00717125,3,3,0.0,0,0,false,0
50,9,high,30,0.006690213,3,3,0.0,0,0,false,0
50,10,low,10,0.008097821,3,3,0.0,0,0,false,0
50,10,low,20,0.006521887,3,3,0.0,0,0,false,0
50,10,low,30,0.006308057,3,3,0.0,0,0,false,0
50,10,high,10,0.007259087,3,3,0.0,0,0,false,0
50,10,high,20,0.006505242,3,3,0.0,0,0,false,0
50,10,high,30,0.017921622,3,3,0.0,0,0,false,0
50,11,low,10,0.005887892,0,0,0.0,0,0,false,0
50,11,low,20,0.005735457,0,0,0.0,0,0,false,0
50,11,low,30,0.005397918,0,0,0.0,0,0,false,0
50,11,high,10,0.005937086,0,0,0.0,0,0,false,0
50,11,high,20,0.005364042,0,0,0.0,0,0,false,0
50,11,high,30,0.005171267,0,0,0.0,0,0,false,0
50,12,low,10,0.00841811,3,3,0.0,0,0,false,0
50,12,low,20,0.007841755,3,3,0.0,0,0,false,0
50,12,low,30,0.006445791,3,3,0.0,0,0,false,0
50,12,high,10,0.013350486,3,3,0.0,0,0,false,0
50,12,high,20,0.011631652,3,3,0.0,0,0,false,0
50,12,high,30,0.006628143,3,3,0.0,0,0,false,0
50,13,low,10,0.006687603,1,1,0.0,0,0,false,0
50,13,low,20,0.006105694,1,1,0.0,0,0,false,0
50,13,low,30,0.005900384,1,1,0.0,0,0,false,0
50,13,high,10,0.00710083,1,1,0.0,0,0,false,0
50,13,high,20,0.006277982,1,1,0.0,0,0,false,0
50,13,high,30,0.006024967,1,1,0.0,0,0,false,0
50,14,low,10,0.007456957,2,2,0.0,2,2,false,0
50,14,low,20,0.007411344,2,2,0.0,2,2,false,0
50,14,low,30,0.006647647,2,2,0.0,0,0,false,0
50,14,high,10,0.145845191,2,2,0.0,2,2,false,0
50,14,high,20,0.007942688,2,2,0.0,2,2,false,0
50,14,high,30,0.006566395,2,2,0.0,0,0,false,0
50,15,low,10,0.007223996,4,4,0.0,0,0,false,0
50,15,low,20,0.007565899,4,4,0.0,0,0,false,0
50,15,low,30,0.007273698,4,4,0.0,0,0,false,0
50,15,high,10,0.006808379,4,4,0.0,0,0,false,0
50,15,high,20,0.007172723,4,4,0.0,0,0,false,0
50,15,high,30,0.00694514,4,4,0.0,0,0,false,0
50,16,low,10,0.00652562,1,1,0.0,0,0,false,0
50,16,low,20,0.006076062,1,1,0.0,0,0,false,0
50,16,low,30,0.005613597,1,1,0.0,0,0,false,0
50,16,high,10,0.006077154,1,1,0.0,0,0,false,0
50,16,high,20,0.006382448,1,1,0.0,0,0,false,0
50,16,high,30,0.006008552,1,1,0.0,0,0,false,0
50,17,low,10,0.006754645,1,1,0.0,0,0,false,0
50,17,low,20,0.006549746,1,1,0.0,0,0,false,0
50,17,low,30,0.006454045,1,1,0.0,0,0,false,0
50,17,high,10,0.00660321,1,1,0.0,0,0,false,0
50,17,high,20,0.018884014,1,1,0.0,0,0,false,0
50,17,high,30,0.00667111,1,1,0.0,0,0,false,0
50,18,low,10,0.0184473,1,1,0.0,0,0,false,0
50,18,low,20,0.005935232,1,1,0.0,0,0,false,0
50,18,low,30,0.018809187,1,1,0.0,0,0,false,0
50,18,high,10,0.006309527,1,1,0.0,0,0,false,0
50,18,high,20,0.00613914,1,1,0.0,0,0,false,0
50,18,high,30,0.005713471,1,1,0.0,0,0,false,0
50,19,low,10,0.006770429,3,3,0.0,0,0,false,0
50,19,low,20,0.006473672,3,3,0.0,0,0,false,0
50,19,low,30,0.006430691,3,3,0.0,0,0,false,0
50,19,high,10,0.006422398,3,3,0.0,0,0,false,0
50,19,high,20,0.006626711,3,3,0.0,0,0,false,0
50,19,high,30,0.006279203,3,3,0.0,0,0,false,0
50,20,low,10,0.007331771,2,2,0.0,0,0,false,0
50,20,low,20,0.006171317,2,2,0.0,0,0,false,0
50,20,low,30,0.006325669,2,2,0.0,0,0,false,0
50,20,high,10,0.00789431,2,2,0.0,0,0,false,0
50,20,high,20,0.006229841,2,2,0.0,0,0,false,0
50,20,high,30,0.00626461,2,2,0.0,0,0,false,0
50,21,low,10,0.008100673,1,1,0.0,0,0,false,0
50,21,low,20,0.007436313,1,1,0.0,0,0,false,0
50,21,low,30,0.005901038,1,1,0.0,0,0,false,0
50,21,high,10,0.008203681,1,1,0.0,0,0,false,0
50,21,high,20,0.007523732,1,1,0.0,0,0,false,0
50,21,high,30,0.005484046,1,1,0.0,0,0,false,0
50,22,low,10,0.008514429,2,2,0.0,2,2,false,0
50,22,low,20,0.008103852,2,2,0.0,0,0,false,0
50,22,low,30,0.00607753,2,2,0.0,0,0,false,0
50,22,high,10,0.008393232,2,2,0.0,2,2,false,0
50,22,high,20,0.008213993,2,2,0.0,0,0,false,0
50,22,high,30,0.005854687,2,2,0.0,0,0,false,0
50,23,low,10,0.00627996,1,1,0.0,0,0,false,0
50,23,low,20,0.005746523,1,1,0.0,0,0,false,0
50,23,low,30,0.006159374,1,1,0.0,0,0,false,0
50,23,high,10,0.006222765,1,1,0.0,0,0,false,0
50,23,high,20,0.006317893,1,1,0.0,0,0,false,0
50,23,high,30,0.005657692,1,1,0.0,0,0,false,0
50,24,low,10,0.007178555,1,1,0.0,0,0,false,0
50,24,low,20,0.006084932,1,1,0.0,0,0,false,0
50,24,low,30,0.006150811,1,1,0.0,0,0,false,0
50,24,high,10,0.006973535,1,1,0.0,0,0,false,0
50,24,high,20,0.006086797,1,1,0.0,0,0,false,0
50,24,high,30,0.006149944,1,1,0.0,0,0,false,0
50,25,low,10,0.007241731,3,3,0.0,0,0,false,0
50,25,low,20,0.00708892,3,3,0.0,0,0,false,0
50,25,low,30,0.006856278,3,3,0.0,0,0,false,0
50,25,high,10,0.006881591,3,3,0.0,2,2,false,0
50,25,high,20,0.006494054,3,3,0.0,0,0,false,0
50,25,high,30,0.006665385,3,3,0.0,0,0,false,0
50,26,low,10,0.008543096,2,2,0.0,2,2,false,0
50,26,low,20,0.006161338,2,2,0.0,0,0,false,0
50,26,low,30,0.006283685,2,2,0.0,0,0,false,0
50,26,high,10,0.00813338,2,2,0.0,2,2,false,0
50,26,high,20,0.006096157,2,2,0.0,0,0,false,0
50,26,high,30,0.006623374,2,2,0.0,0,0,false,0
50,27,low,10,0.007016599,3,3,0.0,0,0,false,0
50,27,low,20,0.006926193,3,3,0.0,0,0,false,0
50,27,low,30,0.006818357,3,3,0.0,0,0,false,0
50,27,high,10,0.007147961,3,3,0.0,0,0,false,0
50,27,high,20,0.006664132,3,3,0.0,0,0,false,0
50,27,high,30,0.006750722,3,3,0.0,0,0,false,0
50,28,low,10,0.006199164,1,1,0.0,0,0,false,0
50,28,low,20,0.005889017,1,1,0.0,0,0,false,0
50,28,low,30,0.006020147,1,1,0.0,0,0,false,0
50,28,high,10,0.006224584,1,1,0.0,0,0,false,0
50,28,high,20,0.00590931,1,1,0.0,0,0,false,0
50,28,high,30,0.005803822,1,1,0.0,0,0,false,0
50,29,low,10,0.006198206,0,0,0.0,0,0,false,0
50,29,low,20,0.005631736,0,0,0.0,0,0,false,0
50,29,low,30,0.005736408,0,0,0.0,0,0,false,0
50,29,high,10,0.006325221,0,0,0.0,0,0,false,0
50,29,high,20,0.006066655,0,0,0.0,0,0,false,0
50,29,high,30,0.005635094,0,0,0.0,0,0,false,0
50,30,low,10,0.006239082,0,0,0.0,0,0,false,0
50,30,low,20,0.005598371,0,0,0.0,0,0,false,0
50,30,low,30,0.022984515,0,0,0.0,0,0,false,0
50,30,high,10,0.005751632,0,0,0.0,0,0,false,0
50,30,high,20,0.005442423,0,0,0.0,0,0,false,0
50,30,high,30,0.005373597,0,0,0.0,0,0,false,0
50,31,low,10,0.006645598,0,0,0.0,0,0,false,0
50,31,low,20,0.00589545,0,0,0.0,0,0,false,0
50,31,low,30,0.005712553,0,0,0.0,0,0,false,0
50,31,high,10,0.006005855,0,0,0.0,0,0,false,0
50,31,high,20,0.005443841,0,0,0.0,0,0,false,0
50,31,high,30,0.005582211,0,0,0.0,0,0,false,0
50,32,low,10,0.006467813,1,1,0.0,0,0,false,0
50,32,low,20,0.005926682,1,1,0.0,0,0,false,0
50,32,low,30,0.005922323,1,1,0.0,0,0,false,0
50,32,high,10,0.006427964,1,1,0.0,0,0,false,0
50,32,high,20,0.00591477,1,1,0.0,0,0,false,0
50,32,high,30,0.006024371,1,1,0.0,0,0,false,0
50,33,low,10,0.017985323,4,4,0.0,2,2,false,0
50,33,low,20,0.006935306,4,4,0.0,2,2,false,0
50,34,low,10,0.229444154,1,1,0.0,0,0,false,0
50,34,low,20,0.007157472,1,1,0.0,0,0,false,0
50,34,low,30,0.006629539,1,1,0.0,0,0,false,0
50,34,high,10,0.006563666,1,1,0.0,0,0,false,0
50,34,high,20,0.006808048,1,1,0.0,0,0,false,0
50,34,high,30,0.006801299,1,1,0.0,0,0,false,0
50,35,low,10,0.007117927,1,1,0.0,0,0,false,0
50,35,low,20,0.00657556,1,1,0.0,0,0,false,0
50,35,low,30,0.00628397,1,1,0.0,0,0,false,0
50,35,high,10,0.006694134,1,1,0.0,0,0,false,0
50,35,high,20,0.006726715,1,1,0.0,0,0,false,0
50,35,high,30,0.015523451,1,1,0.0,0,0,false,0
50,36,low,10,0.066726628,2,2,0.0,0,0,false,0
50,36,low,20,0.007036715,2,2,0.0,0,0,false,0
50,36,low,30,0.006988946,2,2,0.0,0,0,false,0
50,36,high,10,0.007083434,2,2,0.0,0,0,false,0
50,36,high,20,0.006759378,2,2,0.0,0,0,false,0
50,36,high,30,0.007576981,2,2,0.0,0,0,false,0
50,37,low,10,0.006791703,2,2,0.0,0,0,false,0
50,37,low,20,0.006619217,2,2,0.0,0,0,false,0
50,37,low,30,0.006954084,2,2,0.0,0,0,false,0
50,37,high,10,0.006483404,2,2,0.0,0,0,false,0
50,37,high,20,0.007102248,2,2,0.0,0,0,false,0
50,37,high,30,0.006298608,2,2,0.0,0,0,false,0
50,38,low,10,0.006407457,0,0,0.0,0,0,false,0
50,38,low,20,0.006207798,0,0,0.0,0,0,false,0
50,38,low,30,0.006252803,0,0,0.0,0,0,false,0
50,38,high,10,0.006577395,0,0,0.0,0,0,false,0
50,38,high,20,0.00622394,0,0,0.0,0,0,false,0
50,38,high,30,0.00624838,0,0,0.0,0,0,false,0
50,39,low,10,0.00808799,1,1,0.0,0,0,false,0
50,39,low,20,0.00711483,1,1,0.0,0,0,false,0
50,39,low,30,0.006463129,1,1,0.0,0,0,false,0
50,39,high,10,0.007916028,1,1,0.0,0,0,false,0
50,39,high,20,0.007068869,1,1,0.0,0,0,false,0
50,39,high,30,0.006640162,1,1,0.0,0,0,false,0
50,40,low,10,0.007220673,3,3,0.0,0,0,false,0
50,40,low,20,0.00753863,3,3,0.0,0,0,false,0
50,40,low,30,0.007186134,3,3,0.0,0,0,false,0
50,40,high,10,0.007998743,3,3,0.0,0,0,false,0
50,40,high,20,0.007387083,3,3,0.0,0,0,false,0
50,40,high,30,0.006980726,3,3,0.0,0,0,false,0
50,41,low,10,0.007472594,2,2,0.0,0,0,false,0
50,41,low,20,0.008250803,2,2,0.0,0,0,false,0
50,41,low,30,0.007078849,2,2,0.0,0,0,false,0
50,41,high,10,0.021983802,2,2,0.0,0,0,false,0
50,41,high,20,0.008704575,2,2,0.0,0,0,false,0
50,41,high,30,0.006905515,2,2,0.0,0,0,false,0
50,42,low,10,0.006524522,0,0,0.0,0,0,false,0
50,42,low,20,0.006366987,0,0,0.0,0,0,false,0
50,42,low,30,0.006095562,0,0,0.0,0,0,false,0
50,42,high,10,0.006316116,0,0,0.0,0,0,false,0
50,42,high,20,0.006076989,0,0,0.0,0,0,false,0
50,42,high,30,0.005777757,0,0,0.0,0,0,false,0
50,43,low,10,0.006776453,0,0,0.0,0,0,false,0
50,43,low,20,0.006655922,0,0,0.0,0,0,false,0
50,43,low,30,0.006113471,0,0,0.0,0,0,false,0
50,43,high,10,0.006750997,0,0,0.0,0,0,false,0
50,43,high,20,0.005980425,0,0,0.0,0,0,false,0
50,43,high,30,0.005988058,0,0,0.0,0,0,false,0
50,44,low,10,0.007979001,1,1,0.0,0,0,false,0
50,44,low,20,0.006911253,1,1,0.0,0,0,false,0
50,44,low,30,0.006491707,1,1,0.0,0,0,false,0
50,44,high,10,0.008434012,1,1,0.0,0,0,false,0
50,44,high,20,0.006921171,1,1,0.0,0,0,false,0
50,44,high,30,0.006456811,1,1,0.0,0,0,false,0
50,45,low,10,0.006830965,1,1,0.0,0,0,false,0
50,45,low,20,0.006108786,1,1,0.0,0,0,false,0
50,45,low,30,0.006716678,1,1,0.0,0,0,false,0
50,45,high,10,0.00674762,1,1,0.0,0,0,false,0
50,45,high,20,0.006141115,1,1,0.0,0,0,false,0
50,45,high,30,0.006161825,1,1,0.0,0,0,false,0
50,46,low,10,0.007042988,1,1,0.0,0,0,false,0
50,46,low,20,0.006189624,1,1,0.0,0,0,false,0
50,46,low,30,0.006085945,1,1,0.0,0,0,false,0
50,46,high,10,0.006557841,1,1,0.0,0,0,false,0
50,46,high,20,0.006222633,1,1,0.0,0,0,false,0
50,46,high,30,0.006292974,1,1,0.0,0,0,false,0
50,47,low,10,0.007181729,1,1,0.0,0,0,false,0
50,47,low,20,0.006984846,1,1,0.0,0,0,false,0
50,47,low,30,0.007072555,1,1,0.0,0,0,false,0
50,47,high,10,0.007358252,1,1,0.0,0,0,false,0
50,47,high,20,0.007204382,1,1,0.0,0,0,false,0
50,47,high,30,0.020057886,1,1,0.0,0,0,false,0
50,48,low,10,0.008826276,1,1,0.0,0,0,false,0
50,48,low,20,0.008230882,1,1,0.0,0,0,false,0
50,48,low,30,0.007166077,1,1,0.0,0,0,false,0
50,48,high,10,0.008969883,1,1,0.0,0,0,false,0
50,48,high,20,0.008588415,1,1,0.0,0,0,false,0
50,48,high,30,0.006584386,1,1,0.0,0,0,false,0
50,49,low,10,0.00892957,2,2,0.0,0,0,false,0
50,49,low,20,0.00721903,2,2,0.0,0,0,false,0
50,49,low,30,0.007419266,2,2,0.0,0,0,false,0
50,49,high,10,0.008587836,2,2,0.0,0,0,false,0
50,49,high,20,0.007649815,2,2,0.0,0,0,false,0
50,49,high,30,0.007448095,2,2,0.0,0,0,false,0
50,50,low,10,0.006735327,0,0,0.0,0,0,false,0
50,50,low,20,0.006313656,0,0,0.0,0,0,false,0
50,50,low,30,0.006361212,0,0,0.0,0,0,false,0
50,50,high,10,0.006608791,0,0,0.0,0,0,false,0
50,50,high,20,0.006314367,0,0,0.0,0,0,false,0
50,50,high,30,0.005983142,0,0,0.0,0,0,false,0
50,51,low,10,0.021407751,3,3,0.0,2,2,false,0
50,51,low,20,0.008886842,3,3,0.0,2,2,false,0
50,51,low,30,0.00728569,3,3,0.0,2,2,false,0
50,51,high,10,0.010869827,3,3,0.0,0,0,false,0
50,51,high,20,0.008696546,3,3,0.0,0,0,false,0
50,51,high,30,0.007291815,3,3,0.0,0,0,false,0
50,52,low,10,0.00611994,0,0,0.0,0,0,false,0
50,52,low,20,0.00591917,0,0,0.0,0,0,false,0
50,52,low,30,0.006009433,0,0,0.0,0,0,false,0
50,52,high,10,0.00619238,0,0,0.0,0,0,false,0
50,52,high,20,0.005823672,0,0,0.0,0,0,false,0
50,52,high,30,0.006007655,0,0,0.0,0,0,false,0
50,53,low,10,0.007321612,2,2,0.0,0,0,false,0
50,53,low,20,0.018413583,2,2,0.0,0,0,false,0
50,53,low,30,0.01986373,2,2,0.0,0,0,false,0
50,53,high,10,0.006994482,2,2,0.0,0,0,false,0
50,53,high,20,0.006680213,2,2,0.0,0,0,false,0
50,53,high,30,0.019313483,2,2,0.0,0,0,false,0
50,54,low,10,0.098243381,2,2,0.0,2,2,false,0
50,54,low,20,0.017264672,2,2,0.0,2,2,false,0
50,54,low,30,0.006763492,2,2,0.0,0,0,false,0
50,54,high,10,0.006910268,2,2,0.0,4,4,false,0
50,54,high,20,0.007104238,2,2,0.0,4,4,false,0
50,54,high,30,0.007011432,2,2,0.0,0,0,false,0
50,55,low,10,0.00598169,0,0,0.0,0,0,false,0
50,55,low,20,0.005554615,0,0,0.0,0,0,false,0
50,55,low,30,0.005413494,0,0,0.0,0,0,false,0
50,55,high,10,0.006223821,0,0,0.0,0,0,false,0
50,55,high,20,0.00569111,0,0,0.0,0,0,false,0
50,55,high,30,0.005599944,0,0,0.0,0,0,false,0
50,56,low,10,0.007566558,2,2,0.0,2,2,false,0
50,56,low,20,0.007135094,2,2,0.0,0,0,false,0
50,56,low,30,0.006564612,2,2,0.0,0,0,false,0
50,56,high,10,0.006872212,2,2,0.0,0,0,false,0
50,56,high,20,0.006668214,2,2,0.0,0,0,false,0
50,56,high,30,0.006352363,2,2,0.0,0,0,false,0
50,57,low,10,0.008579413,2,2,0.0,0,0,false,0
50,57,low,20,0.007637533,2,2,0.0,0,0,false,0
50,57,low,30,0.007418554,2,2,0.0,0,0,false,0
50,57,high,10,0.007954516,2,2,0.0,2,2,false,0
50,57,high,20,0.007532581,2,2,0.0,2,2,false,0
50,57,high,30,0.007384343,2,2,0.0,2,2,false,0
50,58,low,10,0.006003023,0,0,0.0,0,0,false,0
50,58,low,20,0.006068235,0,0,0.0,0,0,false,0
50,58,low,30,0.006081034,0,0,0.0,0,0,false,0
50,58,high,10,0.006198835,0,0,0.0,0,0,false,0
50,58,high,20,0.005831173,0,0,0.0,0,0,false,0
50,58,high,30,0.005593502,0,0,0.0,0,0,false,0
50,59,low,10,0.006916086,1,1,0.0,0,0,false,0
50,59,low,20,0.006624186,1,1,0.0,0,0,false,0
50,59,low,30,0.006310801,1,1,0.0,0,0,false,0
50,59,high,10,0.00674431,1,1,0.0,0,0,false,0
50,59,high,20,0.006682534,1,1,0.0,0,0,false,0
50,59,high,30,0.006565018,1,1,0.0,0,0,false,0
50,60,low,10,0.007289985,1,1,0.0,0,0,false,0
50,60,low,20,0.007387327,1,1,0.0,0,0,false,0
50,60,low,30,0.018378617,1,1,0.0,0,0,false,0
50,60,high,10,0.007302847,1,1,0.0,0,0,false,0
50,60,high,20,0.007095443,1,1,0.0,0,0,false,0
50,60,high,30,0.005861127,1,1,0.0,0,0,false,0
50,61,low,10,0.006686145,1,1,0.0,0,0,false,0
50,61,low,20,0.020796734,1,1,0.0,0,0,false,0
50,61,low,30,0.009262711,1,1,0.0,0,0,false,0
50,61,high,10,0.020263868,1,1,0.0,0,0,false,0
50,61,high,20,0.006449288,1,1,0.0,0,0,false,0
50,61,high,30,0.006669267,1,1,0.0,0,0,false,0
50,62,low,10,0.008271196,1,1,0.0,0,0,false,0
50,62,low,20,0.007191196,1,1,0.0,0,0,false,0
50,62,low,30,0.006905989,1,1,0.0,0,0,false,0
50,62,high,10,0.008736233,1,1,0.0,0,0,false,0
50,62,high,20,0.006957978,1,1,0.0,0,0,false,0
50,62,high,30,0.007153297,1,1,0.0,0,0,false,0
50,63,low,10,0.008443443,2,2,0.0,0,0,false,0
50,63,low,20,0.02032501,2,2,0.0,0,0,false,0
50,63,low,30,0.006866997,2,2,0.0,0,0,false,0
50,63,high,10,0.008134117,2,2,0.0,0,0,false,0
50,63,high,20,0.007449656,2,2,0.0,0,0,false,0
50,63,high,30,0.007037297,2,2,0.0,0,0,false,0
50,64,low,10,0.006539642,0,0,0.0,0,0,false,0
50,64,low,20,0.006310224,0,0,0.0,0,0,false,0
50,64,low,30,0.006542366,0,0,0.0,0,0,false,0
50,64,high,10,0.006468113,0,0,0.0,0,0,false,0
50,64,high,20,0.006053528,0,0,0.0,0,0,false,0
50,64,high,30,0.005877219,0,0,0.0,0,0,false,0
50,65,low,10,0.006800006,0,0,0.0,0,0,false,0
50,65,low,20,0.006135468,0,0,0.0,0,0,false,0
50,65,low,30,0.005868227,0,0,0.0,0,0,false,0
50,65,high,10,0.006542366,0,0,0.0,0,0,false,0
50,65,high,20,0.006076116,0,0,0.0,0,0,false,0
50,65,high,30,0.006069899,0,0,0.0,0,0,false,0
50,66,low,10,0.00654687,0,0,0.0,0,0,false,0
50,66,low,20,0.005996851,0,0,0.0,0,0,false,0
50,66,low,30,0.005993796,0,0,0.0,0,0,false,0
50,66,high,10,0.006435556,0,0,0.0,0,0,false,0
50,66,high,20,0.006003524,0,0,0.0,0,0,false,0
50,66,high,30,0.005901383,0,0,0.0,0,0,false,0
50,67,low,10,0.006551498,0,0,0.0,0,0,false,0
50,67,low,20,0.005881723,0,0,0.0,0,0,false,0
50,67,low,30,0.005895633,0,0,0.0,0,0,false,0
50,67,high,10,0.007069465,0,0,0.0,0,0,false,0
50,67,high,20,0.005992349,0,0,0.0,0,0,false,0
50,67,high,30,0.005779917,0,0,0.0,0,0,false,0
50,68,low,10,0.006594089,0,0,0.0,0,0,false,0
50,68,low,20,0.006617385,0,0,0.0,0,0,false,0
50,68,low,30,0.00606856,0,0,0.0,0,0,false,0
50,68,high,10,0.006421497,0,0,0.0,0,0,false,0
50,68,high,20,0.006510274,0,0,0.0,0,0,false,0
50,68,high,30,0.005910404,0,0,0.0,0,0,false,0
50,69,low,10,0.030132231,1,1,0.0,0,0,false,0
50,69,low,20,0.006876857,1,1,0.0,0,0,false,0
50,69,low,30,0.006407679,1,1,0.0,0,0,false,0
50,69,high,10,0.007145248,1,1,0.0,0,0,false,0
50,69,high,20,0.006515041,1,1,0.0,0,0,false,0
50,69,high,30,0.006476113,1,1,0.0,0,0,false,0
50,70,low,10,0.007178142,3,3,0.0,0,0,false,0
50,70,low,20,0.007182332,3,3,0.0,0,0,false,0
50,70,low,30,0.007761269,3,3,0.0,0,0,false,0
50,70,high,10,0.008389205,3,3,0.0,0,0,false,0
50,70,high,20,0.008011382,3,3,0.0,0,0,false,0
50,70,high,30,0.008247555,3,3,0.0,0,0,false,0
50,71,low,10,0.008230526,1,1,0.0,0,0,false,0
50,71,low,20,0.00694631,1,1,0.0,0,0,false,0
50,71,low,30,0.006358978,1,1,0.0,0,0,false,0
50,71,high,10,0.007761037,1,1,0.0,0,0,false,0
50,71,high,20,0.019103345,1,1,0.0,0,0,false,0
50,71,high,30,0.006487868,1,1,0.0,0,0,false,0
50,72,low,10,0.006870067,2,2,0.0,0,0,false,0
50,72,low,20,0.006981408,2,2,0.0,0,0,false,0
50,72,low,30,0.00669913,2,2,0.0,0,0,false,0
50,72,high,10,0.007022276,2,2,0.0,0,0,false,0
50,72,high,20,0.006792932,2,2,0.0,0,0,false,0
50,72,high,30,0.006835507,2,2,0.0,0,0,false,0
50,73,low,10,0.008322157,1,1,0.0,0,0,false,0
50,73,low,20,0.007523248,1,1,0.0,0,0,false,0
50,73,low,30,0.006412085,1,1,0.0,0,0,false,0
50,73,high,10,0.021132404,1,1,0.0,0,0,false,0
50,73,high,20,0.007203581,1,1,0.0,0,0,false,0
50,73,high,30,0.006706999,1,1,0.0,0,0,false,0
50,74,low,10,0.008474041,1,1,0.0,2,2,false,0
50,74,low,20,0.006404637,1,1,0.0,0,0,false,0
50,74,low,30,0.006446697,1,1,0.0,0,0,false,0
50,74,high,10,0.008318807,1,1,0.0,2,2,false,0
50,74,high,20,0.006281629,1,1,0.0,0,0,false,0
50,74,high,30,0.006485692,1,1,0.0,0,0,false,0
50,75,low,10,0.006120003,0,0,0.0,0,0,false,0
50,75,low,20,0.00617351,0,0,0.0,0,0,false,0
50,75,low,30,0.024524343,0,0,0.0,0,0,false,0
50,75,high,10,0.006218224,0,0,0.0,0,0,false,0
50,75,high,20,0.005772214,0,0,0.0,0,0,false,0
50,75,high,30,0.005735967,0,0,0.0,0,0,false,0
50,76,low,10,0.007029038,2,2,0.0,0,0,false,0
50,76,low,20,0.006750516,2,2,0.0,0,0,false,0
50,76,low,30,0.006901893,2,2,0.0,0,0,false,0
50,76,high,10,0.007023101,2,2,0.0,0,0,false,0
50,76,high,20,0.006522389,2,2,0.0,0,0,false,0
50,76,high,30,0.006982144,2,2,0.0,0,0,false,0
50,77,low,10,0.005786179,0,0,0.0,0,0,false,0
50,77,low,20,0.005640637,0,0,0.0,0,0,false,0
50,77,low,30,0.00541251,0,0,0.0,0,0,false,0
50,77,high,10,0.005872356,0,0,0.0,0,0,false,0
50,77,high,20,0.005627663,0,0,0.0,0,0,false,0
50,77,high,30,0.005679352,0,0,0.0,0,0,false,0
50,78,low,10,0.006472543,0,0,0.0,0,0,false,0
50,78,low,20,0.005936955,0,0,0.0,0,0,false,0
50,78,low,30,0.005914341,0,0,0.0,0,0,false,0
50,78,high,10,0.00675069,0,0,0.0,0,0,false,0
50,78,high,20,0.00580627,0,0,0.0,0,0,false,0
50,78,high,30,0.005547257,0,0,0.0,0,0,false,0
50,79,low,10,0.006148288,0,0,0.0,0,0,false,0
50,79,low,20,0.005645812,0,0,0.0,0,0,false,0
50,79,low,30,0.005723399,0,0,0.0,0,0,false,0
50,79,high,10,0.006236138,0,0,0.0,0,0,false,0
50,79,high,20,0.005738312,0,0,0.0,0,0,false,0
50,79,high,30,0.005515212,0,0,0.0,0,0,false,0
50,80,low,10,0.006138846,0,0,0.0,0,0,false,0
50,80,low,20,0.00563657,0,0,0.0,0,0,false,0
50,80,low,30,0.005826622,0,0,0.0,0,0,false,0
50,80,high,10,0.006005977,0,0,0.0,0,0,false,0
50,80,high,20,0.005630404,0,0,0.0,0,0,false,0
50,80,high,30,0.005501585,0,0,0.0,0,0,false,0
50,81,low,10,0.006476981,2,2,0.0,0,0,false,0
50,81,low,20,0.006430794,2,2,0.0,0,0,false,0
50,81,low,30,0.006616078,2,2,0.0,0,0,false,0
50,81,high,10,0.006646899,2,2,0.0,0,0,false,0
50,81,high,20,0.006162214,2,2,0.0,0,0,false,0
50,81,high,30,0.006496623,2,2,0.0,0,0,false,0
50,82,low,10,0.006404824,0,0,0.0,0,0,false,0
50,82,low,20,0.005819558,0,0,0.0,0,0,false,0
50,82,low,30,0.005529372,0,0,0.0,0,0,false,0
50,82,high,10,0.006006103,0,0,0.0,0,0,false,0
50,82,high,20,0.005507145,0,0,0.0,0,0,false,0
50,82,high,30,0.005466068,0,0,0.0,0,0,false,0
50,83,low,10,0.007837609,2,2,0.0,0,0,false,0
50,83,low,20,0.006856088,2,2,0.0,0,0,false,0
50,83,low,30,0.006665252,2,2,0.0,0,0,false,0
50,83,high,10,0.008064389,2,2,0.0,0,0,false,0
50,83,high,20,0.006618074,2,2,0.0,0,0,false,0
50,83,high,30,0.006677846,2,2,0.0,0,0,false,0
50,84,low,10,0.006081844,0,0,0.0,0,0,false,0
50,84,low,20,0.005730944,0,0,0.0,0,0,false,0
50,84,low,30,0.005845427,0,0,0.0,0,0,false,0
50,84,high,10,0.006026646,0,0,0.0,0,0,false,0
50,84,high,20,0.005793395,0,0,0.0,0,0,false,0
50,84,high,30,0.005635277,0,0,0.0,0,0,false,0
50,85,low,10,0.006899415,2,2,0.0,2,2,false,0
50,85,low,20,0.006713239,2,2,0.0,2,2,false,0
50,85,low,30,0.006732622,2,2,0.0,0,0,false,0
50,85,high,10,0.007186167,2,2,0.0,0,0,false,0
50,85,high,20,0.007709423,2,2,0.0,0,0,false,0
50,85,high,30,0.006402248,2,2,0.0,0,0,false,0
50,86,low,10,0.006077418,0,0,0.0,0,0,false,0
50,86,low,20,0.005813871,0,0,0.0,0,0,false,0
50,86,low,30,0.005983266,0,0,0.0,0,0,false,0
50,86,high,10,0.006200633,0,0,0.0,0,0,false,0
50,86,high,20,0.005953837,0,0,0.0,0,0,false,0
50,86,high,30,0.005681563,0,0,0.0,0,0,false,0
50,87,low,10,0.006459022,2,2,0.0,0,0,false,0
50,87,low,20,0.018850952,2,2,0.0,0,0,false,0
50,87,low,30,0.006394489,2,2,0.0,0,0,false,0
50,87,high,10,0.006525937,2,2,0.0,0,0,false,0
50,87,high,20,0.006906818,2,2,0.0,0,0,false,0
50,87,high,30,0.006693017,2,2,0.0,0,0,false,0
50,88,low,10,0.007059454,3,3,0.0,0,0,false,0
50,88,low,20,0.006899393,3,3,0.0,0,0,false,0
50,88,low,30,0.007001401,3,3,0.0,0,0,false,0
50,88,high,10,0.007251347,3,3,0.0,0,0,false,0
50,88,high,20,0.007104391,3,3,0.0,0,0,false,0
50,88,high,30,0.006847148,3,3,0.0,0,0,false,0
50,89,low,10,0.006351459,0,0,0.0,0,0,false,0
50,89,low,20,0.005884372,0,0,0.0,0,0,false,0
50,89,low,30,0.005910873,0,0,0.0,0,0,false,0
50,89,high,10,0.006348877,0,0,0.0,0,0,false,0
50,89,high,20,0.005851562,0,0,0.0,0,0,false,0
50,89,high,30,0.005616578,0,0,0.0,0,0,false,0
50,90,low,10,0.00694842,1,1,0.0,0,0,false,0
50,90,low,20,0.00607095,1,1,0.0,0,0,false,0
50,90,low,30,0.006124164,1,1,0.0,0,0,false,0
50,90,high,10,0.00683985,1,1,0.0,0,0,false,0
50,90,high,20,0.006134198,1,1,0.0,0,0,false,0
50,90,high,30,0.006351358,1,1,0.0,0,0,false,0
50,91,low,10,0.006442472,1,1,0.0,0,0,false,0
50,91,low,20,0.006448283,1,1,0.0,0,0,false,0
50,91,low,30,0.006323356,1,1,0.0,0,0,false,0
50,91,high,10,0.006448694,1,1,0.0,0,0,false,0
50,91,high,20,0.00633663,1,1,0.0,0,0,false,0
50,91,high,30,0.00627676,1,1,0.0,0,0,false,0
50,92,low,10,0.006313545,0,0,0.0,0,0,false,0
50,92,low,20,0.005633312,0,0,0.0,0,0,false,0
50,92,low,30,0.005465509,0,0,0.0,0,0,false,0
50,92,high,10,0.00621823,0,0,0.0,0,0,false,0
50,92,high,20,0.005965395,0,0,0.0,0,0,false,0
50,92,high,30,0.005978699,0,0,0.0,0,0,false,0
50,93,low,10,0.007297788,3,3,0.0,0,0,false,0
50,93,low,20,0.006861508,3,3,0.0,0,0,false,0
50,93,low,30,0.007271877,3,3,0.0,0,0,false,0
50,93,high,10,0.007013524,3,3,0.0,0,0,false,0
50,93,high,20,0.006995889,3,3,0.0,0,0,false,0
50,93,high,30,0.006924712,3,3,0.0,0,0,false,0
50,95,low,10,0.00750748,3,3,0.0,0,0,false,0
50,95,low,20,0.007239062,3,3,0.0,0,0,false,0
50,95,low,30,0.006721305,3,3,0.0,0,0,false,0
50,95,high,10,0.007170398,3,3,0.0,0,0,false,0
50,95,high,20,0.00724867,3,3,0.0,0,0,false,0
50,95,high,30,0.006784079,3,3,0.0,0,0,false,0
50,96,low,10,0.006099259,0,0,0.0,0,0,false,0
50,96,low,20,0.005772185,0,0,0.0,0,0,false,0
50,96,low,30,0.005826653,0,0,0.0,0,0,false,0
50,96,high,10,0.006306904,0,0,0.0,0,0,false,0
50,96,high,20,0.005823052,0,0,0.0,0,0,false,0
50,96,high,30,0.006237557,0,0,0.0,0,0,false,0
50,97,low,10,0.008123829,2,2,0.0,0,0,false,0
50,97,low,20,0.006625162,2,2,0.0,0,0,false,0
50,97,low,30,0.007083962,2,2,0.0,0,0,false,0
50,97,high,10,0.006959942,2,2,0.0,0,0,false,0
50,97,high,20,0.006572119,2,2,0.0,0,0,false,0
50,97,high,30,0.006794645,2,2,0.0,0,0,false,0
50,98,low,10,0.007348965,1,1,0.0,0,0,false,0
50,98,low,20,0.00752953,1,1,0.0,0,0,false,0
50,98,low,30,0.005932099,1,1,0.0,0,0,false,0
50,98,high,10,0.007450973,1,1,0.0,0,0,false,0
50,98,high,20,0.007587213,1,1,0.0,0,0,false,0
50,98,high,30,0.006183536,1,1,0.0,0,0,false,0
50,99,low,10,0.006867136,0,0,0.0,0,0,false,0
50,99,low,20,0.006319073,0,0,0.0,0,0,false,0
50,99,low,30,0.006290304,0,0,0.0,0,0,false,0
50,99,high,10,0.006600833,0,0,0.0,0,0,false,0
50,99,high,20,0.005901279,0,0,0.0,0,0,false,0
50,99,high,30,0.006035038,0,0,0.0,0,0,false,0
50,100,low,10,0.007593947,1,1,0.0,0,0,false,0
50,100,low,20,0.006801265,1,1,0.0,0,0,false,0
50,100,low,30,0.006176846,1,1,0.0,0,0,false,0
50,100,high,10,0.007693649,1,1,0.0,0,0,false,0
50,100,high,20,0.007160075,1,1,0.0,0,0,false,0
50,100,high,30,0.005884345,1,1,0.0,0,0,false,0
100,1,low,10,0.041933832,7,7,0.0,0,0,false,0
100,1,low,20,0.026054778,7,7,0.0,0,0,false,0
100,1,low,30,0.02575606,7,7,0.0,0,0,false,0
100,1,high,10,0.024922467,7,7,0.0,0,0,false,0
100,1,high,20,0.026848395,7,7,0.0,0,0,false,0
100,1,high,30,0.024535232,7,7,0.0,0,0,false,0
100,2,low,10,0.02532806,8,8,0.0,2,2,false,0
100,2,low,20,0.022365566,8,8,0.0,2,2,false,0
100,2,low,30,0.022926816,8,8,0.0,2,2,false,0
100,2,high,10,0.037668664,8,8,0.0,4,4,false,0
100,2,high,20,0.034717837,8,8,0.0,4,4,false,0
100,2,high,30,0.034843712,8,8,0.0,4,4,false,0
100,3,low,10,0.022559345,2,2,0.0,0,0,false,0
100,3,low,20,0.019817561,2,2,0.0,0,0,false,0
100,3,low,30,0.01884791,2,2,0.0,0,0,false,0
100,3,high,10,0.02062914,2,2,0.0,0,0,false,0
100,3,high,20,0.020328817,2,2,0.0,0,0,false,0
100,3,high,30,0.037052798,2,2,0.0,0,0,false,0
100,4,low,10,0.021840533,3,3,0.0,0,0,false,0
100,4,low,20,0.020780164,3,3,0.0,0,0,false,0
100,4,low,30,0.036563326,3,3,0.0,0,0,false,0
100,4,high,10,0.021306208,3,3,0.0,0,0,false,0
100,4,high,20,0.021001057,3,3,0.0,0,0,false,0
100,4,high,30,0.019987669,3,3,0.0,0,0,false,0
100,5,low,10,0.021883691,1,1,0.0,0,0,false,0
100,5,low,20,0.020957031,1,1,0.0,0,0,false,0
100,5,low,30,0.01986842,1,1,0.0,0,0,false,0
100,5,high,10,0.020850834,1,1,0.0,0,0,false,0
100,5,high,20,0.020556831,1,1,0.0,0,0,false,0
100,5,high,30,0.020084561,1,1,0.0,0,0,false,0
100,6,low,10,0.029082893,5,5,0.0,0,0,false,0
100,6,low,20,0.024688903,5,5,0.0,0,0,false,0
100,6,low,30,0.023750049,5,5,0.0,0,0,false,0
100,6,high,10,0.027253788,5,5,0.0,0,0,false,0
100,6,high,20,0.023464238,5,5,0.0,0,0,false,0
100,6,high,30,0.023056447,5,5,0.0,0,0,false,0
100,7,low,10,0.022457858,1,1,0.0,0,0,false,0
100,7,low,20,0.021189705,1,1,0.0,0,0,false,0
100,7,low,30,0.037406247,1,1,0.0,0,0,false,0
100,7,high,10,0.023114091,1,1,0.0,0,0,false,0
100,7,high,20,0.020447497,1,1,0.0,0,0,false,0
100,7,high,30,0.018585289,1,1,0.0,0,0,false,0
100,8,low,10,0.040742266,4,4,0.0,0,0,false,0
100,8,low,20,0.018561914,4,4,0.0,0,0,false,0
100,8,low,30,0.020875972,4,4,0.0,0,0,false,0
100,8,high,10,0.025411147,4,5,0.0,2,0,false,0
100,8,high,20,0.023681025,4,5,0.0,2,0,false,0
100,8,high,30,0.024464519,4,5,0.0,2,0,false,0
100,9,low,10,0.022696031,1,1,0.0,0,0,false,0
100,9,low,20,0.020790992,1,1,0.0,0,0,false,0
100,9,low,30,0.019170586,1,1,0.0,0,0,false,0
100,9,high,10,0.022430937,1,1,0.0,0,0,false,0
100,9,high,20,0.021498462,1,1,0.0,0,0,false,0
100,9,high,30,0.019409181,1,1,0.0,0,0,false,0
100,10,low,10,0.041523422,3,3,0.0,0,0,false,0
100,10,low,20,0.019762549,3,3,0.0,0,0,false,0
100,10,low,30,0.020168141,3,3,0.0,0,0,false,0
100,10,high,10,0.020848218,3,3,0.0,0,0,false,0
100,10,high,20,0.018772887,3,3,0.0,0,0,false,0
100,10,high,30,0.01945426,3,3,0.0,0,0,false,0
100,11,low,10,0.043642375,5,5,0.0,0,0,false,0
100,11,low,20,0.019933159,5,5,0.0,0,0,false,0
100,11,low,30,0.020378356,5,5,0.0,0,0,false,0
100,11,high,10,0.045954285,5,5,0.0,0,0,false,0
100,11,high,20,0.020726795,5,5,0.0,0,0,false,0
100,11,high,30,0.020745543,5,5,0.0,0,0,false,0
100,12,low,10,0.03855099,5,6,0.0,4,2,false,0
100,12,low,20,0.021960551,5,5,0.0,2,2,false,0
100,12,low,30,0.020141806,5,5,0.0,2,2,false,0
100,12,high,10,0.02593457,5,5,0.0,2,2,false,0
100,12,high,20,0.021470872,5,5,0.0,2,2,false,0
100,12,high,30,0.020460346,5,5,0.0,2,2,false,0
100,13,low,10,0.021438536,1,1,0.0,0,0,false,0
100,13,low,20,0.018933062,1,1,0.0,0,0,false,0
100,13,low,30,0.019431364,1,1,0.0,0,0,false,0
100,13,high,10,0.021929694,1,1,0.0,0,0,false,0
100,13,high,20,0.019549916,1,1,0.0,0,0,false,0
100,13,high,30,0.020163302,1,1,0.0,0,0,false,0
100,14,low,10,0.022898213,4,4,0.0,0,0,false,0
100,14,low,20,0.021720894,4,4,0.0,0,0,false,0
100,14,low,30,0.020475969,4,4,0.0,0,0,false,0
100,14,high,10,0.303613628,4,4,0.0,2,2,false,0
100,14,high,20,0.021158266,4,4,0.0,0,0,false,0
100,14,high,30,0.019637167,4,4,0.0,0,0,false,0
100,15,low,10,0.066949497,2,2,0.0,0,0,false,0
100,15,low,20,0.019819629,2,2,0.0,0,0,false,0
100,15,low,30,0.020051328,2,2,0.0,0,0,false,0
100,15,high,10,0.018424179,2,2,0.0,0,0,false,0
100,15,high,20,0.028570349,2,2,0.0,0,0,false,0
100,15,high,30,0.016598566,2,2,0.0,0,0,false,0
100,16,low,10,0.020655702,3,3,0.0,0,0,false,0
100,16,low,20,0.020440694,3,3,0.0,0,0,false,0
100,16,low,30,0.018305074,3,3,0.0,0,0,false,0
100,16,high,10,0.022290068,3,3,0.0,0,0,false,0
100,16,high,20,0.022102566,3,3,0.0,0,0,false,0
100,16,high,30,0.019872648,3,3,0.0,0,0,false,0
100,17,low,10,0.023029324,2,2,0.0,0,0,false,0
100,17,low,20,0.020741096,2,2,0.0,0,0,false,0
100,17,low,30,0.018035509,2,2,0.0,0,0,false,0
100,17,high,10,0.022670789,2,2,0.0,0,0,false,0
100,17,high,20,0.021147177,2,2,0.0,0,0,false,0
100,17,high,30,0.020454218,2,2,0.0,0,0,false,0
100,18,low,10,0.025355374,5,5,0.0,0,0,false,0
100,18,low,20,0.022042767,5,5,0.0,0,0,false,0
100,18,low,30,0.020026351,5,5,0.0,0,0,false,0
100,18,high,10,0.129510946,5,6,0.0,4,2,false,0
100,18,high,20,0.02494871,5,6,0.0,4,2,false,0
100,18,high,30,0.020333462,5,5,0.0,2,2,false,0
100,19,low,10,0.020718398,2,2,0.0,0,0,false,0
100,19,low,20,0.017066821,2,2,0.0,0,0,false,0
100,19,low,30,0.017554135,2,2,0.0,0,0,false,0
100,19,high,10,0.021466558,2,2,0.0,0,0,false,0
100,19,high,20,0.021031283,2,2,0.0,0,0,false,0
100,19,high,30,0.018908733,2,2,0.0,0,0,false,0
100,20,low,10,0.022292404,4,4,0.0,0,0,false,0
100,20,low,20,0.019931759,4,4,0.0,0,0,false,0
100,20,low,30,0.019688294,4,4,0.0,0,0,false,0
100,20,high,10,0.046954653,4,4,0.0,0,0,false,0
100,20,high,20,0.02531007,4,4,0.0,0,0,false,0
100,20,high,30,0.025159749,4,4,0.0,0,0,false,0
100,21,low,10,0.022173111,4,4,0.0,0,0,false,0
100,21,low,20,0.020651,4,4,0.0,0,0,false,0
100,21,low,30,0.041703253,4,4,0.0,0,0,false,0
100,21,high,10,0.025772063,4,4,0.0,2,2,false,0
100,21,high,20,0.02370205,4,4,0.0,2,2,false,0
100,21,high,30,0.023687926,4,4,0.0,2,2,false,0
100,22,low,10,0.027327546,4,4,0.0,0,0,false,0
100,22,low,20,0.019521612,4,4,0.0,0,0,false,0
100,22,low,30,0.019230784,4,4,0.0,0,0,false,0
100,22,high,10,0.027476898,4,4,0.0,0,0,false,0
100,22,high,20,0.021653938,4,4,0.0,0,0,false,0
100,22,high,30,0.019976262,4,4,0.0,0,0,false,0
100,23,low,10,0.01992988,2,2,0.0,0,0,false,0
100,23,low,20,0.019818286,2,2,0.0,0,0,false,0
100,23,low,30,0.019194601,2,2,0.0,0,0,false,0
100,23,high,10,0.020879908,2,2,0.0,0,0,false,0
100,23,high,20,0.034039984,2,2,0.0,0,0,false,0
100,23,high,30,0.019098153,2,2,0.0,0,0,false,0
100,24,low,10,0.021829313,6,6,0.0,0,0,false,0
100,24,low,20,0.020192343,6,6,0.0,0,0,false,0
100,24,low,30,0.020947931,6,6,0.0,0,0,false,0
100,24,high,10,0.032167766,6,6,0.0,2,2,false,0
100,24,high,20,0.032988065,6,6,0.0,2,2,false,0
100,24,high,30,0.03780665,6,6,0.0,2,2,false,0
100,25,low,10,0.045074223,1,1,0.0,0,0,false,0
100,25,low,20,0.019663584,1,1,0.0,0,0,false,0
100,25,low,30,0.017928971,1,1,0.0,0,0,false,0
100,25,high,10,0.036629588,1,1,0.0,0,0,false,0
100,25,high,20,0.019026682,1,1,0.0,0,0,false,0
100,25,high,30,0.01890796,1,1,0.0,0,0,false,0
100,26,low,10,0.020852062,0,0,0.0,0,0,false,0
100,26,low,20,0.019397944,0,0,0.0,0,0,false,0
100,26,low,30,0.018929907,0,0,0.0,0,0,false,0
100,26,high,10,0.020535037,0,0,0.0,0,0,false,0
100,26,high,20,0.017601529,0,0,0.0,0,0,false,0
100,26,high,30,0.016633549,0,0,0.0,0,0,false,0
100,27,low,10,0.022314186,1,1,0.0,0,0,false,0
100,27,low,20,0.021410689,1,1,0.0,0,0,false,0
100,27,low,30,0.018440245,1,1,0.0,0,0,false,0
100,27,high,10,0.021917979,1,1,0.0,0,0,false,0
100,27,high,20,0.021593772,1,1,0.0,0,0,false,0
100,27,high,30,0.018385053,1,1,0.0,0,0,false,0
100,28,low,10,0.026086268,4,4,0.0,0,0,false,0
100,28,low,20,0.024162423,4,4,0.0,0,0,false,0
100,28,low,30,0.034502989,4,4,0.0,0,0,false,0
100,28,high,10,0.042396337,4,4,0.0,0,0,false,0
100,28,high,20,0.025578399,4,4,0.0,0,0,false,0
100,28,high,30,0.020478617,4,4,0.0,0,0,false,0
100,29,low,10,0.021640534,3,3,0.0,2,2,false,0
100,29,low,20,0.019866508,3,3,0.0,0,0,false,0
100,29,low,30,0.019315275,3,3,0.0,0,0,false,0
100,29,high,10,0.020513283,3,3,0.0,2,2,false,0
100,29,high,20,0.020351765,3,3,0.0,0,0,false,0
100,29,high,30,0.019726049,3,3,0.0,0,0,false,0
100,30,low,10,0.019261309,0,0,0.0,0,0,false,0
100,30,low,20,0.0166917,0,0,0.0,0,0,false,0
100,30,low,30,0.022856321,0,0,0.0,0,0,false,0
100,30,high,10,0.020257178,0,0,0.0,0,0,false,0
100,30,high,20,0.018539274,0,0,0.0,0,0,false,0
100,30,high,30,0.01621273,0,0,0.0,0,0,false,0
100,31,low,10,0.023125261,4,4,0.0,2,2,false,0
100,31,low,20,0.021734329,4,4,0.0,2,2,false,0
100,31,low,30,0.018697924,4,4,0.0,2,2,false,0
100,31,high,10,0.025748367,4,4,0.0,2,2,false,0
100,31,high,20,0.045033359,4,4,0.0,2,2,false,0
100,31,high,30,0.018046218,4,4,0.0,2,2,false,0
100,32,low,10,0.019069794,1,1,0.0,0,0,false,0
100,32,low,20,0.021025445,1,1,0.0,0,0,false,0
100,32,low,30,0.017178891,1,1,0.0,0,0,false,0
100,32,high,10,0.021143807,1,1,0.0,0,0,false,0
100,32,high,20,0.020913906,1,1,0.0,0,0,false,0
100,32,high,30,0.018478838,1,1,0.0,0,0,false,0
100,33,low,10,0.019247586,2,2,0.0,0,0,false,0
100,33,low,20,0.018695324,2,2,0.0,0,0,false,0
100,33,low,30,0.017276224,2,2,0.0,0,0,false,0
100,33,high,10,0.018543775,2,2,0.0,2,2,false,0
100,33,high,20,0.018455491,2,2,0.0,2,2,false,0
100,33,high,30,0.017714331,2,2,0.0,2,2,false,0
100,34,low,10,0.042993943,3,3,0.0,0,0,false,0
100,34,low,20,0.019419287,3,3,0.0,0,0,false,0
100,34,low,30,0.018850573,3,3,0.0,0,0,false,0
100,34,high,10,0.020217434,3,3,0.0,0,0,false,0
100,34,high,20,0.019117917,3,3,0.0,0,0,false,0
100,34,high,30,0.019433534,3,3,0.0,0,0,false,0
100,35,low,10,0.025681622,0,0,0.0,0,0,false,0
100,35,low,20,0.023385839,0,0,0.0,0,0,false,0
100,35,low,30,0.021978003,0,0,0.0,0,0,false,0
100,35,high,10,0.017965555,0,0,0.0,0,0,false,0
100,35,high,20,0.017179391,0,0,0.0,0,0,false,0
100,35,high,30,0.016303416,0,0,0.0,0,0,false,0
100,36,low,10,0.020092604,3,3,0.0,0,0,false,0
100,36,low,20,0.023562817,3,3,0.0,0,0,false,0
100,36,low,30,0.022705409,3,3,0.0,0,0,false,0
100,36,high,10,0.020121909,3,3,0.0,0,0,false,0
100,36,high,20,0.024605982,3,3,0.0,0,0,false,0
100,36,high,30,0.019698664,3,3,0.0,0,0,false,0
100,37,low,10,0.018373648,0,0,0.0,0,0,false,0
100,37,low,20,0.016517876,0,0,0.0,0,0,false,0
100,37,low,30,0.015792013,0,0,0.0,0,0,false,0
100,37,high,10,0.019968509,0,0,0.0,0,0,false,0
100,37,high,20,0.018867083,0,0,0.0,0,0,false,0
100,37,high,30,0.015737561,0,0,0.0,0,0,false,0
100,38,low,10,0.019163005,1,1,0.0,0,0,false,0
100,38,low,20,0.021061036,1,1,0.0,0,0,false,0
100,38,low,30,0.018952313,1,1,0.0,0,0,false,0
100,38,high,10,0.022314867,1,1,0.0,0,0,false,0
100,38,high,20,0.022387009,1,1,0.0,0,0,false,0
100,38,high,30,0.019762404,1,1,0.0,0,0,false,0
100,39,low,10,0.023480519,1,1,0.0,0,0,false,0
100,39,low,20,0.019123765,1,1,0.0,0,0,false,0
100,39,low,30,0.017648255,1,1,0.0,0,0,false,0
100,39,high,10,0.023482925,1,1,0.0,0,0,false,0
100,39,high,20,0.02123129,1,1,0.0,0,0,false,0
100,39,high,30,0.016658143,1,1,0.0,0,0,false,0
100,40,low,10,0.01748991,0,0,0.0,0,0,false,0
100,40,low,20,0.019403896,0,0,0.0,0,0,false,0
100,40,low,30,0.018789194,0,0,0.0,0,0,false,0
100,40,high,10,0.016619374,0,0,0.0,0,0,false,0
100,40,high,20,0.028670396,0,0,0.0,0,0,false,0
100,40,high,30,0.014829413,0,0,0.0,0,0,false,0
100,41,low,10,0.017338062,2,2,0.0,0,0,false,0
100,41,low,20,0.01655099,2,2,0.0,0,0,false,0
100,41,low,30,0.017543541,2,2,0.0,0,0,false,0
100,41,high,10,0.038818806,2,2,0.0,0,0,false,0
100,41,high,20,0.018827481,2,2,0.0,0,0,false,0
100,41,high,30,0.018266669,2,2,0.0,0,0,false,0
100,42,low,10,0.025631993,3,4,0.0,2,0,false,0
100,42,low,20,0.040534571,3,3,0.0,0,0,false,0
100,42,low,30,0.019766713,3,3,0.0,0,0,false,0
100,42,high,10,0.025076433,3,4,0.0,2,0,false,0
100,42,high,20,0.019352026,3,3,0.0,0,0,false,0
100,42,high,30,0.019456074,3,3,0.0,0,0,false,0
100,43,low,10,0.020968874,4,4,0.0,0,0,false,0
100,43,low,20,0.02075376,4,4,0.0,0,0,false,0
100,43,low,30,0.02038293,4,4,0.0,0,0,false,0
100,43,high,10,0.020749187,4,4,0.0,0,0,false,0
100,43,high,20,0.021391086,4,4,0.0,0,0,false,0
100,43,high,30,0.020027751,4,4,0.0,0,0,false,0
100,44,low,10,0.02259639,3,3,0.0,0,0,false,0
100,44,low,20,0.022443527,3,3,0.0,0,0,false,0
100,44,low,30,0.019569008,3,3,0.0,0,0,false,0
100,44,high,10,0.042803524,3,3,0.0,2,2,false,0
100,44,high,20,0.023222604,3,3,0.0,2,2,false,0
100,44,high,30,0.019753241,3,3,0.0,0,0,false,0
100,45,low,10,0.020053844,1,1,0.0,0,0,false,0
100,45,low,20,0.018124754,1,1,0.0,0,0,false,0
100,45,low,30,0.019204263,1,1,0.0,0,0,false,0
100,45,high,10,0.020730711,1,1,0.0,0,0,false,0
100,45,high,20,0.016521105,1,1,0.0,0,0,false,0
100,45,high,30,0.018808378,1,1,0.0,0,0,false,0
100,46,low,10,0.02025676,0,0,0.0,0,0,false,0
100,46,low,20,0.01850381,0,0,0.0,0,0,false,0
100,46,low,30,0.016486877,0,0,0.0,0,0,false,0
100,46,high,10,0.018866277,0,0,0.0,0,0,false,0
100,46,high,20,0.016730347,0,0,0.0,0,0,false,0
100,46,high,30,0.019007048,0,0,0.0,0,0,false,0
100,47,low,10,0.022958454,2,2,0.0,0,0,false,0
100,47,low,20,0.024403821,2,2,0.0,0,0,false,0
100,47,low,30,0.044233594,2,2,0.0,0,0,false,0
100,47,high,10,0.028034673,2,2,0.0,0,0,false,0
100,47,high,20,0.024038895,2,2,0.0,0,0,false,0
100,47,high,30,0.020308976,2,2,0.0,0,0,false,0
100,48,low,10,0.04532715,4,4,0.0,0,0,false,0
100,48,low,20,0.020957694,4,4,0.0,0,0,false,0
100,48,low,30,0.021127606,4,4,0.0,0,0,false,0
100,48,high,10,0.020551389,4,4,0.0,0,0,false,0
100,48,high,20,0.020941136,4,4,0.0,0,0,false,0
100,48,high,30,0.040661102,4,4,0.0,0,0,false,0
100,49,low,10,0.023427316,4,4,0.0,0,0,false,0
100,49,low,20,0.023257809,4,4,0.0,0,0,false,0
100,49,low,30,0.044712544,4,4,0.0,0,0,false,0
100,49,high,10,0.023073453,4,4,0.0,2,2,false,0
100,49,high,20,0.023674305,4,4,0.0,0,0,false,0
100,49,high,30,0.020370856,4,4,0.0,0,0,false,0
100,50,low,10,0.018377242,0,0,0.0,0,0,false,0
100,50,low,20,0.016971365,0,0,0.0,0,0,false,0
100,50,low,30,0.015871964,0,0,0.0,0,0,false,0
100,50,high,10,0.019957939,0,0,0.0,0,0,false,0
100,50,high,20,0.018682251,0,0,0.0,0,0,false,0
100,50,high,30,0.016066912,0,0,0.0,0,0,false,0
100,51,low,10,0.02285269,1,1,0.0,0,0,false,0
100,51,low,20,0.018132041,1,1,0.0,0,0,false,0
100,51,low,30,0.017568732,1,1,0.0,0,0,false,0
100,51,high,10,0.021745507,1,1,0.0,0,0,false,0
100,51,high,20,0.01788556,1,1,0.0,0,0,false,0
100,51,high,30,0.017975286,1,1,0.0,0,0,false,0
100,52,low,10,0.020396877,2,2,0.0,0,0,false,0
100,52,low,20,0.017902608,2,2,0.0,0,0,false,0
100,52,low,30,0.017176749,2,2,0.0,0,0,false,0
100,52,high,10,0.019781491,2,2,0.0,0,0,false,0
100,52,high,20,0.020308421,2,2,0.0,0,0,false,0
100,52,high,30,0.018666053,2,2,0.0,0,0,false,0
100,53,low,10,0.022373687,1,1,0.0,0,0,false,0
100,53,low,20,0.021391967,1,1,0.0,0,0,false,0
100,53,low,30,0.034685296,1,1,0.0,0,0,false,0
100,53,high,10,0.020674166,1,1,0.0,0,0,false,0
100,53,high,20,0.020493013,1,1,0.0,0,0,false,0
100,53,high,30,0.019931577,1,1,0.0,0,0,false,0
100,54,low,10,0.027469588,2,2,0.0,0,0,false,0
100,54,low,20,0.026575677,2,2,0.0,0,0,false,0
100,54,low,30,0.020139508,2,2,0.0,0,0,false,0
100,54,high,10,0.026406511,2,2,0.0,0,0,false,0
100,54,high,20,0.027625086,2,2,0.0,0,0,false,0
100,54,high,30,0.019596753,2,2,0.0,0,0,false,0
100,55,low,10,0.022870342,1,1,0.0,0,0,false,0
100,55,low,20,0.021145159,1,1,0.0,0,0,false,0
100,55,low,30,0.018104963,1,1,0.0,0,0,false,0
100,55,high,10,0.023942653,1,1,0.0,0,0,false,0
100,55,high,20,0.021602146,1,1,0.0,0,0,false,0
100,55,high,30,0.01971319,1,1,0.0,0,0,false,0
100,56,low,10,0.028179204,3,3,0.0,0,0,false,0
100,56,low,20,0.026820394,3,3,0.0,0,0,false,0
100,56,low,30,0.020699092,3,3,0.0,0,0,false,0
100,56,high,10,0.029476767,3,3,0.0,0,0,false,0
100,56,high,20,0.050439127,3,3,0.0,0,0,false,0
100,56,high,30,0.020554507,3,3,0.0,0,0,false,0
100,57,low,10,0.021616498,2,2,0.0,0,0,false,0
100,57,low,20,0.02007182,2,2,0.0,0,0,false,0
100,57,low,30,0.020108479,2,2,0.0,0,0,false,0
100,57,high,10,0.021159304,2,2,0.0,0,0,false,0
100,57,high,20,0.019490901,2,2,0.0,0,0,false,0
100,57,high,30,0.019333307,2,2,0.0,0,0,false,0
100,58,low,10,0.022439707,1,1,0.0,0,0,false,0
100,58,low,20,0.020014357,1,1,0.0,0,0,false,0
100,58,low,30,0.040041573,1,1,0.0,0,0,false,0
100,58,high,10,0.020681826,1,1,0.0,0,0,false,0
100,58,high,20,0.020570645,1,1,0.0,0,0,false,0
100,58,high,30,0.019045926,1,1,0.0,0,0,false,0
100,59,low,10,0.02712942,3,3,0.0,0,0,false,0
100,59,low,20,0.021160599,3,3,0.0,0,0,false,0
100,59,low,30,0.020523518,3,3,0.0,0,0,false,0
100,59,high,10,0.024538829,3,3,0.0,0,0,false,0
100,59,high,20,0.021796948,3,3,0.0,0,0,false,0
100,59,high,30,0.019097386,3,3,0.0,0,0,false,0
100,60,low,10,0.022931305,3,3,0.0,0,0,false,0
100,60,low,20,0.019811744,3,3,0.0,0,0,false,0
100,60,low,30,0.019264889,3,3,0.0,0,0,false,0
100,60,high,10,0.022758023,3,4,0.0,2,0,false,0
100,60,high,20,0.022669743,3,4,0.0,2,0,false,0
100,60,high,30,0.021618526,3,4,0.0,2,0,false,0
100,61,low,10,0.023724953,2,2,0.0,0,0,false,0
100,61,low,20,0.023361198,2,2,0.0,0,0,false,0
100,61,low,30,0.019503106,2,2,0.0,0,0,false,0
100,61,high,10,0.022189484,2,2,0.0,0,0,false,0
100,61,high,20,0.019371021,2,2,0.0,0,0,false,0
100,61,high,30,0.020155731,2,2,0.0,0,0,false,0
100,62,low,10,0.022892802,2,2,0.0,0,0,false,0
100,62,low,20,0.020798657,2,2,0.0,0,0,false,0
100,62,low,30,0.018632636,2,2,0.0,0,0,false,0
100,62,high,10,0.021385646,2,2,0.0,0,0,false,0
100,62,high,20,0.020885827,2,2,0.0,0,0,false,0
100,62,high,30,0.018358457,2,2,0.0,0,0,false,0
100,63,low,10,0.023570269,2,2,0.0,0,0,false,0
100,63,low,20,0.021953923,2,2,0.0,0,0,false,0
100,63,low,30,0.017732488,2,2,0.0,0,0,false,0
100,63,high,10,0.021359133,2,2,0.0,0,0,false,0
100,63,high,20,0.021136445,2,2,0.0,0,0,false,0
100,63,high,30,0.018443735,2,2,0.0,0,0,false,0
100,64,low,10,0.045919432,3,3,0.0,0,0,false,0
100,64,low,20,0.020905721,3,3,0.0,0,0,false,0
100,64,low,30,0.01953762,3,3,0.0,0,0,false,0
100,64,high,10,0.021607257,3,3,0.0,0,0,false,0
100,64,high,20,0.019843947,3,3,0.0,0,0,false,0
100,64,high,30,0.020435551,3,3,0.0,0,0,false,0
100,65,low,10,0.018761246,0,0,0.0,0,0,false,0
100,65,low,20,0.01695044,0,0,0.0,0,0,false,0
100,65,low,30,0.017136852,0,0,0.0,0,0,false,0
100,65,high,10,0.019530625,0,0,0.0,0,0,false,0
100,65,high,20,0.017832432,0,0,0.0,0,0,false,0
100,65,high,30,0.015898454,0,0,0.0,0,0,false,0
100,66,low,10,0.017742745,0,0,0.0,0,0,false,0
100,66,low,20,0.015831529,0,0,0.0,0,0,false,0
100,66,low,30,0.015347179,0,0,0.0,0,0,false,0
100,66,high,10,0.017549913,0,0,0.0,0,0,false,0
100,66,high,20,0.016627409,0,0,0.0,0,0,false,0
100,66,high,30,0.015436138,0,0,0.0,0,0,false,0
100,67,low,10,0.018062242,1,1,0.0,2,2,false,0
100,67,low,20,0.035728036,1,1,0.0,2,2,false,0
100,67,low,30,0.018469662,1,1,0.0,0,0,false,0
100,67,high,10,0.020611654,1,1,0.0,2,2,false,0
100,67,high,20,0.018056275,1,1,0.0,2,2,false,0
100,67,high,30,0.017723964,1,1,0.0,0,0,false,0
100,68,low,10,0.02245726,3,3,0.0,0,0,false,0
100,68,low,20,0.020899236,3,3,0.0,0,0,false,0
100,68,low,30,0.040438329,3,3,0.0,0,0,false,0
100,68,high,10,0.023833778,3,3,0.0,0,0,false,0
100,68,high,20,0.020474534,3,3,0.0,0,0,false,0
100,68,high,30,0.020382261,3,3,0.0,0,0,false,0
100,69,low,10,0.018916071,0,0,0.0,0,0,false,0
100,69,low,20,0.018151767,0,0,0.0,0,0,false,0
100,69,low,30,0.018590588,0,0,0.0,0,0,false,0
100,69,high,10,0.019708301,0,0,0.0,0,0,false,0
100,69,high,20,0.018016463,0,0,0.0,0,0,false,0
100,69,high,30,0.016153788,0,0,0.0,0,0,false,0
100,70,low,10,0.01858637,2,2,0.0,0,0,false,0
100,70,low,20,0.019363833,2,2,0.0,0,0,false,0
100,70,low,30,0.019335601,2,2,0.0,0,0,false,0
100,70,high,10,0.020082906,2,2,0.0,0,0,false,0
100,70,high,20,0.019046792,2,2,0.0,0,0,false,0
100,70,high,30,0.036803714,2,2,0.0,0,0,false,0
100,71,low,10,0.022849927,4,4,0.0,0,0,false,0
100,71,low,20,0.020553075,4,4,0.0,0,0,false,0
100,71,low,30,0.019183946,4,4,0.0,0,0,false,0
100,71,high,10,0.0223551,4,4,0.0,0,0,false,0
100,71,high,20,0.041827481,4,4,0.0,0,0,false,0
100,71,high,30,0.019579835,4,4,0.0,0,0,false,0
100,72,low,10,0.022384504,3,3,0.0,0,0,false,0
100,72,low,20,0.020409284,3,3,0.0,0,0,false,0
100,72,low,30,0.036970174,3,3,0.0,0,0,false,0
100,72,high,10,0.021241203,3,3,0.0,0,0,false,0
100,72,high,20,0.020708952,3,3,0.0,0,0,false,0
100,72,high,30,0.019627772,3,3,0.0,0,0,false,0
100,73,low,10,0.021744183,3,3,0.0,2,2,false,0
100,73,low,20,0.040026342,3,3,0.0,2,2,false,0
100,73,low,30,0.019838567,3,3,0.0,2,2,false,0
100,73,high,10,0.020198488,3,3,0.0,2,2,false,0
100,73,high,20,0.020448383,3,3,0.0,2,2,false,0
100,73,high,30,0.01912724,3,3,0.0,2,2,false,0
100,74,low,10,0.018606579,1,1,0.0,0,0,false,0
100,74,low,20,0.021207712,1,1,0.0,0,0,false,0
100,74,low,30,0.0178548,1,1,0.0,0,0,false,0
100,74,high,10,0.020264098,1,1,0.0,0,0,false,0
100,74,high,20,0.020431675,1,1,0.0,0,0,false,0
100,74,high,30,0.017177786,1,1,0.0,0,0,false,0
100,75,low,10,0.023933144,1,1,0.0,0,0,false,0
100,75,low,20,0.017176061,1,1,0.0,0,0,false,0
100,75,low,30,0.017970931,1,1,0.0,0,0,false,0
100,75,high,10,0.041619028,1,1,0.0,0,0,false,0
100,75,high,20,0.018226832,1,1,0.0,0,0,false,0
100,75,high,30,0.018406879,1,1,0.0,0,0,false,0
100,76,low,10,0.019915361,2,2,0.0,0,0,false,0
100,76,low,20,0.020521091,2,2,0.0,0,0,false,0
100,76,low,30,0.018713266,2,2,0.0,0,0,false,0
100,76,high,10,0.0196339,2,2,0.0,0,0,false,0
100,76,high,20,0.020591471,2,2,0.0,0,0,false,0
100,76,high,30,0.019534453,2,2,0.0,0,0,false,0
100,77,low,10,0.018846096,2,2,0.0,0,0,false,0
100,77,low,20,0.018578882,2,2,0.0,0,0,false,0
100,77,low,30,0.017861604,2,2,0.0,0,0,false,0
100,77,high,10,0.019509575,2,2,0.0,0,0,false,0
100,77,high,20,0.019122693,2,2,0.0,0,0,false,0
100,77,high,30,0.018844036,2,2,0.0,0,0,false,0
100,78,low,10,0.020563846,4,4,0.0,2,2,false,0
100,78,low,20,0.02113007,4,4,0.0,2,2,false,0
100,78,low,30,0.018658643,4,4,0.0,2,2,false,0
100,78,high,10,0.022444154,4,4,0.0,0,0,false,0
100,78,high,20,0.022459786,4,4,0.0,0,0,false,0
100,78,high,30,0.019499608,4,4,0.0,0,0,false,0
100,79,low,10,0.022491497,3,3,0.0,0,0,false,0
100,79,low,20,0.024714675,3,3,0.0,0,0,false,0
100,79,low,30,0.019003164,3,3,0.0,0,0,false,0
100,79,high,10,0.021383051,3,3,0.0,0,0,false,0
100,79,high,20,0.041810167,3,3,0.0,0,0,false,0
100,79,high,30,0.018274012,3,3,0.0,0,0,false,0
100,80,low,10,0.017756858,3,3,0.0,0,0,false,0
100,80,low,20,0.019095105,3,3,0.0,0,0,false,0
100,80,low,30,0.040558328,3,3,0.0,0,0,false,0
100,80,high,10,0.022195652,3,3,0.0,0,0,false,0
100,80,high,20,0.020881131,3,3,0.0,0,0,false,0
100,80,high,30,0.023128195,3,3,0.0,0,0,false,0
100,81,low,10,0.019037715,0,0,0.0,0,0,false,0
100,81,low,20,0.01689847,0,0,0.0,0,0,false,0
100,81,low,30,0.015728809,0,0,0.0,0,0,false,0
100,81,high,10,0.017488253,0,0,0.0,0,0,false,0
100,81,high,20,0.016557383,0,0,0.0,0,0,false,0
100,81,high,30,0.017007103,0,0,0.0,0,0,false,0
100,82,low,10,0.017424263,0,0,0.0,0,0,false,0
100,82,low,20,0.01628261,0,0,0.0,0,0,false,0
100,82,low,30,0.016308941,0,0,0.0,0,0,false,0
100,82,high,10,0.017591387,0,0,0.0,0,0,false,0
100,82,high,20,0.016213926,0,0,0.0,0,0,false,0
100,82,high,30,0.015831664,0,0,0.0,0,0,false,0
100,83,low,10,0.023028599,2,2,0.0,0,0,false,0
100,83,low,20,0.02462934,2,2,0.0,0,0,false,0
100,83,low,30,0.018096275,2,2,0.0,0,0,false,0
100,83,high,10,0.027497258,2,2,0.0,0,0,false,0
100,83,high,20,0.029027225,2,2,0.0,0,0,false,0
100,83,high,30,0.020060182,2,2,0.0,0,0,false,0
100,84,low,10,0.023123751,3,3,0.0,0,0,false,0
100,84,low,20,0.038990175,3,3,0.0,0,0,false,0
100,84,low,30,0.019585034,3,3,0.0,0,0,false,0
100,84,high,10,0.024729129,3,3,0.0,0,0,false,0
100,84,high,20,0.022972378,3,3,0.0,0,0,false,0
100,84,high,30,0.038974455,3,3,0.0,0,0,false,0
100,85,low,10,0.019769372,2,2,0.0,0,0,false,0
100,85,low,20,0.037224475,2,2,0.0,0,0,false,0
100,85,low,30,0.0200301,2,2,0.0,0,0,false,0
100,85,high,10,0.019927472,2,2,0.0,0,0,false,0
100,85,high,20,0.018731177,2,2,0.0,0,0,false,0
100,85,high,30,0.018768117,2,2,0.0,0,0,false,0
100,86,low,10,0.023583623,1,1,0.0,0,0,false,0
100,86,low,20,0.029880836,1,1,0.0,0,0,false,0
100,86,low,30,0.016443676,1,1,0.0,0,0,false,0
100,86,high,10,0.032829677,1,1,0.0,0,0,false,0
100,86,high,20,0.019150739,1,1,0.0,0,0,false,0
100,86,high,30,0.016577225,1,1,0.0,0,0,false,0
100,87,low,10,0.023633809,4,4,0.0,2,2,false,0
100,87,low,20,0.027754264,4,4,0.0,2,2,false,0
100,87,low,30,0.019021223,4,4,0.0,0,0,false,0
100,87,high,10,0.024824666,4,4,0.0,2,2,false,0
100,87,high,20,0.044582039,4,4,0.0,2,2,false,0
100,87,high,30,0.021221142,4,4,0.0,0,0,false,0
100,88,low,10,0.024771768,3,3,0.0,0,0,false,0
100,88,low,20,0.04063672,3,3,0.0,0,0,false,0
100,88,low,30,0.019565518,3,3,0.0,0,0,false,0
100,88,high,10,0.025431466,3,3,0.0,0,0,false,0
100,88,high,20,0.022278751,3,3,0.0,0,0,false,0
100,88,high,30,0.019327483,3,3,0.0,0,0,false,0
100,89,low,10,0.02223112,1,1,0.0,0,0,false,0
100,89,low,20,0.01923554,1,1,0.0,0,0,false,0
100,89,low,30,0.018427598,1,1,0.0,0,0,false,0
100,89,high,10,0.021607534,1,1,0.0,0,0,false,0
100,89,high,20,0.020124244,1,1,0.0,0,0,false,0
100,89,high,30,0.03479669,1,1,0.0,0,0,false,0
100,90,low,10,0.019172372,1,1,0.0,0,0,false,0
100,90,low,20,0.018046354,1,1,0.0,0,0,false,0
100,90,low,30,0.019251346,1,1,0.0,0,0,false,0
100,90,high,10,0.019376109,1,1,0.0,0,0,false,0
100,90,high,20,0.018758908,1,1,0.0,0,0,false,0
100,90,high,30,0.018035073,1,1,0.0,0,0,false,0
100,91,low,10,0.021031945,2,2,0.0,0,0,false,0
100,91,low,20,0.019305425,2,2,0.0,0,0,false,0
100,91,low,30,0.018397384,2,2,0.0,0,0,false,0
100,91,high,10,0.018796605,2,2,0.0,0,0,false,0
100,91,high,20,0.018982913,2,2,0.0,0,0,false,0
100,91,high,30,0.019040653,2,2,0.0,0,0,false,0
100,92,low,10,0.020704534,2,2,0.0,0,0,false,0
100,92,low,20,0.043556266,2,2,0.0,0,0,false,0
100,92,low,30,0.022131461,2,2,0.0,0,0,false,0
100,92,high,10,0.020609687,2,2,0.0,0,0,false,0
100,92,high,20,0.018137199,2,2,0.0,0,0,false,0
100,92,high,30,0.01884694,2,2,0.0,0,0,false,0
100,93,low,10,0.020874989,2,2,0.0,0,0,false,0
100,93,low,20,0.019301781,2,2,0.0,0,0,false,0
100,93,low,30,0.02066527,2,2,0.0,0,0,false,0
100,93,high,10,0.019489047,2,2,0.0,0,0,false,0
100,93,high,20,0.019601486,2,2,0.0,0,0,false,0
100,93,high,30,0.01901562,2,2,0.0,0,0,false,0
100,94,low,10,0.022414053,3,3,0.0,0,0,false,0
100,94,low,20,0.019996639,3,3,0.0,0,0,false,0
100,94,low,30,0.02017017,3,3,0.0,0,0,false,0
100,94,high,10,0.021167246,3,3,0.0,0,0,false,0
100,94,high,20,0.020519963,3,3,0.0,0,0,false,0
100,94,high,30,0.020269826,3,3,0.0,0,0,false,0
100,95,low,10,0.026907811,6,6,0.0,0,0,false,0
100,95,low,20,0.02425799,6,6,0.0,0,0,false,0
100,95,low,30,0.024271957,6,6,0.0,0,0,false,0
100,95,high,10,0.027648551,6,6,0.0,0,0,false,0
100,95,high,20,0.023243565,6,6,0.0,0,0,false,0
100,95,high,30,0.023076299,6,6,0.0,0,0,false,0
100,96,low,10,0.01915295,1,1,0.0,0,0,false,0
100,96,low,20,0.018266266,1,1,0.0,0,0,false,0
100,96,low,30,0.016572777,1,1,0.0,0,0,false,0
100,96,high,10,0.017440467,1,1,0.0,0,0,false,0
100,96,high,20,0.018761874,1,1,0.0,0,0,false,0
100,96,high,30,0.018470389,1,1,0.0,0,0,false,0
100,97,low,10,0.020238947,1,1,0.0,0,0,false,0
100,97,low,20,0.019904416,1,1,0.0,0,0,false,0
100,97,low,30,0.019241746,1,1,0.0,0,0,false,0
100,97,high,10,0.021261602,1,1,0.0,0,0,false,0
100,97,high,20,0.02024666,1,1,0.0,0,0,false,0
100,97,high,30,0.0170825,1,1,0.0,0,0,false,0
100,98,low,10,0.02350124,2,2,0.0,0,0,false,0
100,98,low,20,0.021675815,2,2,0.0,0,0,false,0
100,98,low,30,0.020015391,2,2,0.0,0,0,false,0
100,98,high,10,0.023546151,2,2,0.0,0,0,false,0
100,98,high,20,0.021841079,2,2,0.0,0,0,false,0
100,98,high,30,0.019331729,2,2,0.0,0,0,false,0
100,99,low,10,0.019813008,0,0,0.0,0,0,false,0
100,99,low,20,0.018856529,0,0,0.0,0,0,false,0
100,99,low,30,0.016016405,0,0,0.0,0,0,false,0
100,99,high,10,0.019408503,0,0,0.0,0,0,false,0
100,99,high,20,0.016278735,0,0,0.0,0,0,false,0
100,99,high,30,0.018525049,0,0,0.0,0,0,false,0
100,100,low,10,0.022441786,1,1,0.0,0,0,false,0
100,100,low,20,0.018338224,1,1,0.0,0,0,false,0
100,100,low,30,0.019445416,1,1,0.0,0,0,false,0
100,100,high,10,0.01896624,1,1,0.0,0,0,false,0
100,100,high,20,0.018069307,1,1,0.0,0,0,false,0
100,100,high,30,0.017603703,1,1,0.0,0,0,false,0
200,1,low,10,0.18369598,14,14,0.0,2,2,false,0
200,1,low,20,0.087067807,14,14,0.0,0,0,false,0
200,1,low,30,0.087322165,14,14,0.0,0,0,false,0
200,1,high,10,0.140531725,14,16,0.0,6,2,false,0
200,1,high,20,0.124966717,14,15,0.0,2,0,false,0
50,1,low,40,1.900870171,2,2,0.0,0,0,false,0
50,1,high,40,0.005435488,2,2,0.0,0,0,false,0
50,2,low,40,0.035660951,3,3,0.0,0,0,false,0
50,2,high,40,0.013607811,3,3,0.0,0,0,false,0
50,3,low,40,0.006269926,3,3,0.0,0,0,false,0
50,3,high,40,0.006193388,3,3,0.0,0,0,false,0
50,4,low,40,0.004962745,0,0,0.0,0,0,false,0
50,4,high,40,0.005128292,0,0,0.0,0,0,false,0
50,5,low,40,0.005439134,1,1,0.0,0,0,false,0
50,5,high,40,0.014832664,1,1,0.0,0,0,false,0
50,6,low,40,0.005460989,1,1,0.0,0,0,false,0
50,6,high,40,0.005436947,1,1,0.0,0,0,false,0
50,7,low,40,0.005489724,1,1,0.0,0,0,false,0
50,7,high,40,0.005572532,1,1,0.0,0,0,false,0
50,8,low,40,0.006117041,3,3,0.0,0,0,false,0
50,8,high,40,0.006381286,3,3,0.0,0,0,false,0
50,9,low,40,0.006209106,3,3,0.0,0,0,false,0
50,9,high,40,0.00658079,3,3,0.0,0,0,false,0
50,10,low,40,0.005950054,3,3,0.0,0,0,false,0
50,10,high,40,0.006223541,3,3,0.0,0,0,false,0
50,11,low,40,0.004771427,0,0,0.0,0,0,false,0
50,11,high,40,0.005011377,0,0,0.0,0,0,false,0
50,12,low,40,0.005844348,3,3,0.0,0,0,false,0
50,12,high,40,0.005832522,3,3,0.0,0,0,false,0
50,13,low,40,0.005453928,1,1,0.0,0,0,false,0
50,13,high,40,0.005269707,1,1,0.0,0,0,false,0
50,14,low,40,0.005938815,2,2,0.0,0,0,false,0
50,14,high,40,0.097721871,2,2,0.0,0,0,false,0
50,15,low,40,0.006572458,4,4,0.0,0,0,false,0
50,15,high,40,0.006784322,4,4,0.0,0,0,false,0
50,16,low,40,0.005072542,1,1,0.0,0,0,false,0
50,16,high,40,0.005037142,1,1,0.0,0,0,false,0
50,17,low,40,0.005954614,1,1,0.0,0,0,false,0
50,17,high,40,0.005795225,1,1,0.0,0,0,false,0
50,18,low,40,0.005276558,1,1,0.0,0,0,false,0
50,18,high,40,0.00515722,1,1,0.0,0,0,false,0
50,19,low,40,0.005813519,3,3,0.0,0,0,false,0
50,19,high,40,0.005807435,3,3,0.0,0,0,false,0
50,20,low,40,0.006027342,2,2,0.0,0,0,false,0
50,20,high,40,0.005663037,2,2,0.0,0,0,false,0
50,21,low,40,0.005295515,1,1,0.0,0,0,false,0
50,21,high,40,0.004956358,1,1,0.0,0,0,false,0
50,22,low,40,0.00541659,2,2,0.0,0,0,false,0
50,22,high,40,0.005357275,2,2,0.0,0,0,false,0
50,23,low,40,0.005203494,1,1,0.0,0,0,false,0
50,23,high,40,0.005063421,1,1,0.0,0,0,false,0
50,24,low,40,0.005564375,1,1,0.0,0,0,false,0
50,24,high,40,0.005362285,1,1,0.0,0,0,false,0
50,25,low,40,0.005955649,3,3,0.0,0,0,false,0
50,25,high,40,0.00596537,3,3,0.0,0,0,false,0
50,26,low,40,0.005731765,2,2,0.0,0,0,false,0
50,26,high,40,0.00592141,2,2,0.0,0,0,false,0
50,27,low,40,0.006334611,3,3,0.0,0,0,false,0
50,27,high,40,0.006381658,3,3,0.0,0,0,false,0
50,28,low,40,0.00538555,1,1,0.0,0,0,false,0
50,28,high,40,0.005130039,1,1,0.0,0,0,false,0
50,29,low,40,0.005053951,0,0,0.0,0,0,false,0
50,29,high,40,0.005013392,0,0,0.0,0,0,false,0
50,30,low,40,0.004861133,0,0,0.0,0,0,false,0
50,30,high,40,0.004905579,0,0,0.0,0,0,false,0
50,31,low,40,0.004643921,0,0,0.0,0,0,false,0
50,31,high,40,0.004753466,0,0,0.0,0,0,false,0
50,32,low,40,0.005197772,1,1,0.0,0,0,false,0
50,32,high,40,0.005142936,1,1,0.0,0,0,false,0
50,34,low,40,0.005835152,1,1,0.0,0,0,false,0
50,34,high,40,0.005728901,1,1,0.0,0,0,false,0
50,35,low,40,0.00547151,1,1,0.0,0,0,false,0
50,35,high,40,0.013094616,1,1,0.0,0,0,false,0
50,36,low,40,0.005732436,2,2,0.0,0,0,false,0
50,36,high,40,0.005656026,2,2,0.0,0,0,false,0
50,37,low,40,0.005567771,2,2,0.0,0,0,false,0
50,37,high,40,0.005385195,2,2,0.0,0,0,false,0
50,38,low,40,0.005117854,0,0,0.0,0,0,false,0
50,38,high,40,0.004989531,0,0,0.0,0,0,false,0
50,39,low,40,0.005337942,1,1,0.0,0,0,false,0
50,39,high,40,0.005300507,1,1,0.0,0,0,false,0
50,40,low,40,0.006031322,3,3,0.0,0,0,false,0
50,40,high,40,0.005986923,3,3,0.0,0,0,false,0
50,41,low,40,0.005748461,2,2,0.0,0,0,false,0
50,41,high,40,0.005722105,2,2,0.0,0,0,false,0
50,42,low,40,0.004930835,0,0,0.0,0,0,false,0
50,42,high,40,0.004726937,0,0,0.0,0,0,false,0
50,43,low,40,0.004954629,0,0,0.0,0,0,false,0
50,43,high,40,0.004844792,0,0,0.0,0,0,false,0
50,44,low,40,0.005360497,1,1,0.0,0,0,false,0
50,44,high,40,0.005503707,1,1,0.0,0,0,false,0
50,45,low,40,0.005566273,1,1,0.0,0,0,false,0
50,45,high,40,0.005546586,1,1,0.0,0,0,false,0
50,46,low,40,0.005636914,1,1,0.0,0,0,false,0
50,46,high,40,0.005402113,1,1,0.0,0,0,false,0
50,47,low,40,0.005447195,1,1,0.0,0,0,false,0
50,47,high,40,0.00548884,1,1,0.0,0,0,false,0
50,48,low,40,0.005142766,1,1,0.0,0,0,false,0
50,48,high,40,0.005257569,1,1,0.0,0,0,false,0
50,49,low,40,0.005848661,2,2,0.0,0,0,false,0
50,49,high,40,0.00583485,2,2,0.0,0,0,false,0
50,50,low,40,0.005152172,0,0,0.0,0,0,false,0
50,50,high,40,0.0050424,0,0,0.0,0,0,false,0
50,51,low,40,0.013371363,3,3,0.0,2,2,false,0
50,51,high,40,0.006475356,3,3,0.0,0,0,false,0
50,52,low,40,0.004990216,0,0,0.0,0,0,false,0
50,52,high,40,0.004774333,0,0,0.0,0,0,false,0
50,53,low,40,0.005903672,2,2,0.0,0,0,false,0
50,53,high,40,0.005477757,2,2,0.0,0,0,false,0
50,54,low,40,0.005741041,2,2,0.0,0,0,false,0
50,54,high,40,0.005834013,2,2,0.0,0,0,false,0
50,55,low,40,0.004652792,0,0,0.0,0,0,false,0
50,55,high,40,0.004647398,0,0,0.0,0,0,false,0
50,56,low,40,0.005563182,2,2,0.0,0,0,false,0
50,56,high,40,0.005903114,2,2,0.0,0,0,false,0
50,57,low,40,0.006416403,2,2,0.0,0,0,false,0
50,57,high,40,0.006319078,2,2,0.0,2,2,false,0
50,58,low,40,0.004828014,0,0,0.0,0,0,false,0
50,58,high,40,0.00490897,0,0,0.0,0,0,false,0
50,59,low,40,0.005732844,1,1,0.0,0,0,false,0
50,59,high,40,0.005503427,1,1,0.0,0,0,false,0
50,60,low,40,0.005200668,1,1,0.0,0,0,false,0
50,60,high,40,0.005137873,1,1,0.0,0,0,false,0
50,61,low,40,0.005647561,1,1,0.0,0,0,false,0
50,61,high,40,0.005533346,1,1,0.0,0,0,false,0
50,62,low,40,0.00521778,1,1,0.0,0,0,false,0
50,62,high,40,0.005434161,1,1,0.0,0,0,false,0
50,63,low,40,0.005729925,2,2,0.0,0,0,false,0
50,63,high,40,0.005444937,2,2,0.0,0,0,false,0
50,64,low,40,0.005018619,0,0,0.0,0,0,false,0
50,64,high,40,0.005166907,0,0,0.0,0,0,false,0
50,65,low,40,0.005142793,0,0,0.0,0,0,false,0
50,65,high,40,0.005190316,0,0,0.0,0,0,false,0
50,66,low,40,0.004830246,0,0,0.0,0,0,false,0
50,66,high,40,0.004973097,0,0,0.0,0,0,false,0
50,67,low,40,0.004762717,0,0,0.0,0,0,false,0
50,67,high,40,0.004749198,0,0,0.0,0,0,false,0
50,68,low,40,0.004891402,0,0,0.0,0,0,false,0
50,68,high,40,0.00485656,0,0,0.0,0,0,false,0
50,69,low,40,0.005116531,1,1,0.0,0,0,false,0
50,69,high,40,0.013158787,1,1,0.0,0,0,false,0
50,70,low,40,0.00592421,3,3,0.0,0,0,false,0
50,70,high,40,0.007037561,3,3,0.0,0,0,false,0
50,71,low,40,0.013447477,1,1,0.0,0,0,false,0
50,71,high,40,0.005228707,1,1,0.0,0,0,false,0
50,72,low,40,0.005629526,2,2,0.0,0,0,false,0
50,72,high,40,0.005741189,2,2,0.0,0,0,false,0
50,73,low,40,0.005494159,1,1,0.0,0,0,false,0
50,73,high,40,0.005373995,1,1,0.0,0,0,false,0
50,74,low,40,0.005515048,1,1,0.0,0,0,false,0
50,74,high,40,0.005477781,1,1,0.0,0,0,false,0
50,75,low,40,0.005229381,0,0,0.0,0,0,false,0
50,75,high,40,0.005012354,0,0,0.0,0,0,false,0
50,76,low,40,0.005986935,2,2,0.0,0,0,false,0
50,76,high,40,0.005944713,2,2,0.0,0,0,false,0
50,77,low,40,0.004818845,0,0,0.0,0,0,false,0
50,77,high,40,0.004793716,0,0,0.0,0,0,false,0
50,78,low,40,0.00512073,0,0,0.0,0,0,false,0
50,78,high,40,0.004931927,0,0,0.0,0,0,false,0
50,79,low,40,0.005368361,0,0,0.0,0,0,false,0
50,79,high,40,0.005359658,0,0,0.0,0,0,false,0
50,80,low,40,0.005339829,0,0,0.0,0,0,false,0
50,80,high,40,0.004979104,0,0,0.0,0,0,false,0
50,81,low,40,0.005764518,2,2,0.0,0,0,false,0
50,81,high,40,0.005757908,2,2,0.0,0,0,false,0
50,82,low,40,0.004742916,0,0,0.0,0,0,false,0
50,82,high,40,0.004711518,0,0,0.0,0,0,false,0
50,83,low,40,0.005852295,2,2,0.0,0,0,false,0
50,83,high,40,0.00594115,2,2,0.0,0,0,false,0
50,84,low,40,0.004994221,0,0,0.0,0,0,false,0
50,84,high,40,0.004977136,0,0,0.0,0,0,false,0
50,85,low,40,0.005753081,2,2,0.0,0,0,false,0
50,85,high,40,0.005619017,2,2,0.0,0,0,false,0
50,86,low,40,0.005258853,0,0,0.0,0,0,false,0
50,86,high,40,0.004903604,0,0,0.0,0,0,false,0
50,87,low,40,0.005534897,2,2,0.0,0,0,false,0
50,87,high,40,0.005586914,2,2,0.0,0,0,false,0
50,88,low,40,0.006051326,3,3,0.0,0,0,false,0
50,88,high,40,0.006227,3,3,0.0,0,0,false,0
50,89,low,40,0.005045403,0,0,0.0,0,0,false,0
50,89,high,40,0.005106311,0,0,0.0,0,0,false,0
50,90,low,40,0.005423501,1,1,0.0,0,0,false,0
50,90,high,40,0.005272791,1,1,0.0,0,0,false,0
50,91,low,40,0.005228633,1,1,0.0,0,0,false,0
50,91,high,40,0.00568394,1,1,0.0,0,0,false,0
50,92,low,40,0.004902556,0,0,0.0,0,0,false,0
50,92,high,40,0.00483939,0,0,0.0,0,0,false,0
50,93,low,40,0.006210385,3,3,0.0,0,0,false,0
50,93,high,40,0.006360336,3,3,0.0,0,0,false,0
50,95,low,40,0.006181451,3,3,0.0,0,0,false,0
50,95,high,40,0.005950384,3,3,0.0,0,0,false,0
50,96,low,40,0.004934418,0,0,0.0,0,0,false,0
50,96,high,40,0.004869822,0,0,0.0,0,0,false,0
50,97,low,40,0.005762968,2,2,0.0,0,0,false,0
50,97,high,40,0.005729227,2,2,0.0,0,0,false,0
50,98,low,40,0.005085386,1,1,0.0,0,0,false,0
50,98,high,40,0.00517592,1,1,0.0,0,0,false,0
50,99,low,40,0.00512117,0,0,0.0,0,0,false,0
50,99,high,40,0.005072599,0,0,0.0,0,0,false,0
50,100,low,40,0.00506501,1,1,0.0,0,0,false,0
50,100,high,40,0.005139688,1,1,0.0,0,0,false,0
100,1,low,40,0.031473583,7,7,0.0,0,0,false,0
100,1,high,40,0.030849324,7,7,0.0,0,0,false,0
100,2,low,40,0.020010695,8,8,0.0,0,0,false,0
100,2,high,40,0.02828426,8,8,0.0,2,2,false,0
100,3,low,40,0.016634776,2,2,0.0,0,0,false,0
100,3,high,40,0.016487697,2,2,0.0,0,0,false,0
100,4,low,40,0.030456774,3,3,0.0,0,0,false,0
100,4,high,40,0.01795861,3,3,0.0,0,0,false,0
100,5,low,40,0.016933353,1,1,0.0,0,0,false,0
100,5,high,40,0.016100211,1,1,0.0,0,0,false,0
100,6,low,40,0.019183883,5,5,0.0,0,0,false,0
100,6,high,40,0.018617485,5,5,0.0,0,0,false,0
100,7,low,40,0.029719657,1,1,0.0,0,0,false,0
100,7,high,40,0.015633163,1,1,0.0,0,0,false,0
100,8,low,40,0.018249544,4,4,0.0,0,0,false,0
100,8,high,40,0.020611484,4,5,0.0,2,0,false,0
100,9,low,40,0.016730181,1,1,0.0,0,0,false,0
100,9,high,40,0.0169807,1,1,0.0,0,0,false,0
100,10,low,40,0.01727432,3,3,0.0,0,0,false,0
100,10,high,40,0.016350749,3,3,0.0,0,0,false,0
100,11,low,40,0.019143727,5,5,0.0,0,0,false,0
100,11,high,40,0.018516029,5,5,0.0,0,0,false,0
100,12,low,40,0.017568778,5,5,0.0,2,2,false,0
100,12,high,40,0.017598014,5,5,0.0,2,2,false,0
100,13,low,40,0.016537928,1,1,0.0,0,0,false,0
100,13,high,40,0.016613384,1,1,0.0,0,0,false,0
100,14,low,40,0.017907487,4,4,0.0,0,0,false,0
100,14,high,40,0.017483016,4,4,0.0,0,0,false,0
100,15,low,40,0.017438658,2,2,0.0,0,0,false,0
100,15,high,40,0.016547123,2,2,0.0,0,0,false,0
100,16,low,40,0.017628681,3,3,0.0,0,0,false,0
100,16,high,40,0.016760656,3,3,0.0,0,0,false,0
100,17,low,40,0.029447355,2,2,0.0,0,0,false,0
100,17,high,40,0.01686324,2,2,0.0,0,0,false,0
100,18,low,40,0.017996485,5,5,0.0,0,0,false,0
100,18,high,40,0.01808374,5,5,0.0,2,2,false,0
100,19,low,40,0.017252656,2,2,0.0,0,0,false,0
100,19,high,40,0.016531107,2,2,0.0,0,0,false,0
100,20,low,40,0.036166571,4,4,0.0,0,0,false,0
100,20,high,40,0.017720637,4,4,0.0,0,0,false,0
100,21,low,40,0.019036253,4,4,0.0,0,0,false,0
100,21,high,40,0.019519193,4,4,0.0,0,0,false,0
100,22,low,40,0.01781576,4,4,0.0,0,0,false,0
100,22,high,40,0.017457122,4,4,0.0,0,0,false,0
100,23,low,40,0.017683136,2,2,0.0,0,0,false,0
100,23,high,40,0.016597471,2,2,0.0,0,0,false,0
100,24,low,40,0.019631553,6,6,0.0,0,0,false,0
100,24,high,40,0.035858721,6,6,0.0,2,2,false,0
100,25,low,40,0.016279283,1,1,0.0,0,0,false,0
100,25,high,40,0.015999786,1,1,0.0,0,0,false,0
100,26,low,40,0.015492788,0,0,0.0,0,0,false,0
100,26,high,40,0.016365503,0,0,0.0,0,0,false,0
100,27,low,40,0.017896944,1,1,0.0,0,0,false,0
100,27,high,40,0.015998829,1,1,0.0,0,0,false,0
100,28,low,40,0.01836917,4,4,0.0,0,0,false,0
100,28,high,40,0.017832884,4,4,0.0,0,0,false,0
100,29,low,40,0.01709413,3,3,0.0,0,0,false,0
100,29,high,40,0.030697069,3,3,0.0,0,0,false,0
100,30,low,40,0.016111616,0,0,0.0,0,0,false,0
100,30,high,40,0.015844234,0,0,0.0,0,0,false,0
100,31,low,40,0.017443854,4,4,0.0,2,2,false,0
100,31,high,40,0.034189926,4,4,0.0,2,2,false,0
100,32,low,40,0.015613394,1,1,0.0,0,0,false,0
100,32,high,40,0.025338148,1,1,0.0,0,0,false,0
100,33,low,40,0.01660061,2,2,0.0,0,0,false,0
100,33,high,40,0.016257981,2,2,0.0,2,2,false,0
100,34,low,40,0.017482292,3,3,0.0,0,0,false,0
100,34,high,40,0.017235362,3,3,0.0,0,0,false,0
100,35,low,40,0.015906868,0,0,0.0,0,0,false,0
100,35,high,40,0.027702343,0,0,0.0,0,0,false,0
100,36,low,40,0.015706073,3,3,0.0,0,0,false,0
100,36,high,40,0.016632725,3,3,0.0,0,0,false,0
100,37,low,40,0.015650433,0,0,0.0,0,0,false,0
100,37,high,40,0.01533196,0,0,0.0,0,0,false,0
100,38,low,40,0.015416875,1,1,0.0,0,0,false,0
100,38,high,40,0.016021311,1,1,0.0,0,0,false,0
100,39,low,40,0.027154404,1,1,0.0,0,0,false,0
100,39,high,40,0.015738678,1,1,0.0,0,0,false,0
100,40,low,40,0.015907596,0,0,0.0,0,0,false,0
100,40,high,40,0.016454229,0,0,0.0,0,0,false,0
100,41,low,40,0.017634282,2,2,0.0,0,0,false,0
100,41,high,40,0.027416921,2,2,0.0,0,0,false,0
100,42,low,40,0.016371564,3,3,0.0,0,0,false,0
100,42,high,40,0.016726577,3,3,0.0,0,0,false,0
100,43,low,40,0.027762886,4,4,0.0,0,0,false,0
100,43,high,40,0.017443836,4,4,0.0,0,0,false,0
100,44,low,40,0.016908043,3,3,0.0,0,0,false,0
100,44,high,40,0.017327521,3,3,0.0,0,0,false,0
100,45,low,40,0.016286551,1,1,0.0,0,0,false,0
100,45,high,40,0.015760105,1,1,0.0,0,0,false,0
100,46,low,40,0.015978393,0,0,0.0,0,0,false,0
100,46,high,40,0.014800339,0,0,0.0,0,0,false,0
100,47,low,40,0.015882248,2,2,0.0,0,0,false,0
100,47,high,40,0.028194557,2,2,0.0,0,0,false,0
100,48,low,40,0.017976431,4,4,0.0,0,0,false,0
100,48,high,40,0.017197882,4,4,0.0,0,0,false,0
100,49,low,40,0.030185048,4,4,0.0,0,0,false,0
100,49,high,40,0.030120863,4,4,0.0,0,0,false,0
100,50,low,40,0.016190432,0,0,0.0,0,0,false,0
100,50,high,40,0.016580722,0,0,0.0,0,0,false,0
100,51,low,40,0.017252124,1,1,0.0,0,0,false,0
100,51,high,40,0.016075754,1,1,0.0,0,0,false,0
100,52,low,40,0.016201867,2,2,0.0,0,0,false,0
100,52,high,40,0.016351769,2,2,0.0,0,0,false,0
100,53,low,40,0.015127893,1,1,0.0,0,0,false,0
100,53,high,40,0.015598704,1,1,0.0,0,0,false,0
100,54,low,40,0.016446167,2,2,0.0,0,0,false,0
100,54,high,40,0.016838941,2,2,0.0,0,0,false,0
100,55,low,40,0.016391863,1,1,0.0,0,0,false,0
100,55,high,40,0.016371723,1,1,0.0,0,0,false,0
100,56,low,40,0.016646866,3,3,0.0,0,0,false,0
100,56,high,40,0.017041294,3,3,0.0,0,0,false,0
100,57,low,40,0.016833926,2,2,0.0,0,0,false,0
100,57,high,40,0.01692288,2,2,0.0,0,0,false,0
100,58,low,40,0.01651941,1,1,0.0,0,0,false,0
100,58,high,40,0.016051185,1,1,0.0,0,0,false,0
100,59,low,40,0.032237541,3,3,0.0,0,0,false,0
100,59,high,40,0.017534839,3,3,0.0,0,0,false,0
100,60,low,40,0.016867088,3,3,0.0,0,0,false,0
100,60,high,40,0.01760453,3,3,0.0,0,0,false,0
100,61,low,40,0.017506734,2,2,0.0,0,0,false,0
100,61,high,40,0.016751592,2,2,0.0,0,0,false,0
100,62,low,40,0.016511171,2,2,0.0,0,0,false,0
100,62,high,40,0.015936545,2,2,0.0,0,0,false,0
100,63,low,40,0.016193069,2,2,0.0,0,0,false,0
100,63,high,40,0.016298436,2,2,0.0,0,0,false,0
100,64,low,40,0.017388225,3,3,0.0,0,0,false,0
100,64,high,40,0.017097167,3,3,0.0,0,0,false,0
100,65,low,40,0.015212533,0,0,0.0,0,0,false,0
100,65,high,40,0.016048062,0,0,0.0,0,0,false,0
100,66,low,40,0.016355971,0,0,0.0,0,0,false,0
100,66,high,40,0.014852412,0,0,0.0,0,0,false,0
100,67,low,40,0.01561085,1,1,0.0,0,0,false,0
100,67,high,40,0.016974458,1,1,0.0,0,0,false,0
100,68,low,40,0.018357998,3,3,0.0,0,0,false,0
100,68,high,40,0.018001969,3,3,0.0,0,0,false,0
100,69,low,40,0.016027225,0,0,0.0,0,0,false,0
100,69,high,40,0.01559261,0,0,0.0,0,0,false,0
100,70,low,40,0.015569133,2,2,0.0,0,0,false,0
100,70,high,40,0.016579395,2,2,0.0,0,0,false,0
100,71,low,40,0.017879641,4,4,0.0,0,0,false,0
100,71,high,40,0.017863541,4,4,0.0,0,0,false,0
100,72,low,40,0.016806824,3,3,0.0,0,0,false,0
100,72,high,40,0.016782918,3,3,0.0,0,0,false,0
100,73,low,40,0.01727803,3,3,0.0,2,2,false,0
100,73,high,40,0.030918125,3,3,0.0,2,2,false,0
100,74,low,40,0.016043496,1,1,0.0,0,0,false,0
100,74,high,40,0.016312691,1,1,0.0,0,0,false,0
100,75,low,40,0.015802245,1,1,0.0,0,0,false,0
100,75,high,40,0.015892711,1,1,0.0,0,0,false,0
100,76,low,40,0.016510484,2,2,0.0,0,0,false,0
100,76,high,40,0.027924031,2,2,0.0,0,0,false,0
100,77,low,40,0.016159262,2,2,0.0,0,0,false,0
100,77,high,40,0.016839439,2,2,0.0,0,0,false,0
100,78,low,40,0.01841519,4,4,0.0,0,0,false,0
100,78,high,40,0.018824504,4,4,0.0,0,0,false,0
100,79,low,40,0.01746079,3,3,0.0,0,0,false,0
100,79,high,40,0.017232416,3,3,0.0,0,0,false,0
100,80,low,40,0.016539415,3,3,0.0,0,0,false,0
100,80,high,40,0.019623794,3,3,0.0,0,0,false,0
100,81,low,40,0.015722739,0,0,0.0,0,0,false,0
100,81,high,40,0.015981618,0,0,0.0,0,0,false,0
100,82,low,40,0.017031669,0,0,0.0,0,0,false,0
100,82,high,40,0.015221839,0,0,0.0,0,0,false,0
100,83,low,40,0.015632835,2,2,0.0,0,0,false,0
100,83,high,40,0.016442965,2,2,0.0,0,0,false,0
100,84,low,40,0.017082887,3,3,0.0,0,0,false,0
100,84,high,40,0.016903122,3,3,0.0,0,0,false,0
100,85,low,40,0.016445784,2,2,0.0,0,0,false,0
100,85,high,40,0.016473234,2,2,0.0,0,0,false,0
100,86,low,40,0.016254788,1,1,0.0,0,0,false,0
100,86,high,40,0.015936144,1,1,0.0,0,0,false,0
100,87,low,40,0.017704547,4,4,0.0,0,0,false,0
100,87,high,40,0.017522011,4,4,0.0,0,0,false,0
100,88,low,40,0.031516641,3,3,0.0,0,0,false,0
100,88,high,40,0.017416765,3,3,0.0,0,0,false,0
100,89,low,40,0.016307864,1,1,0.0,0,0,false,0
100,89,high,40,0.016402602,1,1,0.0,0,0,false,0
100,90,low,40,0.027679736,1,1,0.0,0,0,false,0
100,90,high,40,0.016245138,1,1,0.0,0,0,false,0
100,91,low,40,0.016951779,2,2,0.0,0,0,false,0
100,91,high,40,0.016504755,2,2,0.0,0,0,false,0
100,92,low,40,0.016700569,2,2,0.0,0,0,false,0
100,92,high,40,0.032131553,2,2,0.0,0,0,false,0
100,93,low,40,0.016628965,2,2,0.0,0,0,false,0
100,93,high,40,0.016713189,2,2,0.0,0,0,false,0
100,94,low,40,0.01719625,3,3,0.0,0,0,false,0
100,94,high,40,0.017400148,3,3,0.0,0,0,false,0
100,95,low,40,0.019309435,6,6,0.0,0,0,false,0
100,95,high,40,0.01859596,6,6,0.0,0,0,false,0
100,96,low,40,0.015936194,1,1,0.0,0,0,false,0
100,96,high,40,0.01551097,1,1,0.0,0,0,false,0
100,97,low,40,0.02876826,1,1,0.0,0,0,false,0
100,97,high,40,0.029657964,1,1,0.0,0,0,false,0
100,98,low,40,0.016508135,2,2,0.0,0,0,false,0
100,98,high,40,0.030280667,2,2,0.0,0,0,false,0
100,99,low,40,0.015056963,0,0,0.0,0,0,false,0
100,99,high,40,0.033365539,0,0,0.0,0,0,false,0
100,100,low,40,0.015842597,1,1,0.0,0,0,false,0
100,100,high,40,0.015963504,1,1,0.0,0,0,false,0
200,1,low,40,0.102518242,14,14,0.0,0,0,false,0
200,1,high,30,0.121633469,14,15,0.0,2,0,false,0
200,1,high,40,0.322171152,14,15,0.0,2,0,false,0
200,2,low,10,0.095778211,10,10,0.0,2,2,false,0
200,2,low,20,0.0801644,10,10,0.0,0,0,false,0
200,2,low,30,0.07287995,10,10,0.0,0,0,false,0
200,2,low,40,0.072208098,10,10,0.0,0,0,false,0
200,2,high,10,0.399194883,10,10,0.0,2,2,false,0
200,2,high,20,0.082109547,10,10,0.0,0,0,false,0
200,2,high,30,0.348911205,10,10,0.0,0,0,false,0
200,2,high,40,0.135400089,10,10,0.0,0,0,false,0
200,3,low,10,0.096837005,9,9,0.0,0,0,false,0
200,3,low,20,0.123973512,9,9,0.0,0,0,false,0
